appointment_id,patient_id,provider_id,hospital_id,appointment_date,appointment_status,scheduled_time,actual_start_time,wait_time_minutes,cancellation_flag,no_show_flag,ingestion_timestamp
APT100001,P5756,PROV10143,H003,2026-06-29,SCHEDULED,09:13:00,,,0,0,2026-06-22 11:56:04
APT100002,P5489,PROV10070,H001,2026-02-09,COMPLETED,15:07:00,15:17:00,10,0,0,2026-06-22 11:56:04
APT100003,P2878,PROV10272,H003,2026-02-16,NO_SHOW,13:37:00,15:02:00,85,0,1,2026-06-22 11:56:04
APT100004,P2962,PROV10386,H004,2026-01-30,CANCELLED,15:28:00,16:29:00,61,1,0,2026-06-22 11:56:04
APT100005,P4952,PROV10308,H001,2026-02-15,COMPLETED,13:40:00,15:24:00,104,0,0,2026-06-22 11:56:04
APT100006,P6212,PROV10362,H003,2026-03-28,RESCHEDULED,12:55:00,,,0,0,2026-06-22 11:56:04
APT100007,P2673,PROV10078,H002,2026-05-17,RESCHEDULED,08:02:00,,,0,0,2026-06-22 11:56:04
APT100008,P3593,PROV10220,H005,2026-02-24,NO_SHOW,16:43:00,16:43:00,0,0,1,2026-06-22 11:56:04
APT100009,P4684,PROV10010,H002,2026-03-29,COMPLETED,15:41:00,15:51:00,10,0,0,2026-06-22 11:56:04
APT100010,P6163,PROV10006,H003,2026-03-18,CANCELLED,09:15:00,09:18:00,3,1,0,2026-06-22 11:56:04
APT100011,P6407,PROV10409,H002,2026-04-17,SCHEDULED,17:30:00,,,0,0,2026-06-22 11:56:04
APT100012,P4644,PROV10163,H002,2026-06-13,RESCHEDULED,08:50:00,,,0,0,2026-06-22 11:56:04
APT100013,P3369,PROV10172,H004,2026-06-09,CANCELLED,14:47:00,14:47:00,0,1,0,2026-06-22 11:56:04
APT100014,P3032,PROV10260,H005,2026-04-17,COMPLETED,15:40:00,16:28:00,48,0,0,2026-06-22 11:56:04
APT100015,P4345,PROV10290,H004,2026-02-05,SCHEDULED,08:26:00,,,0,0,2026-06-22 11:56:04
APT100016,P6237,PROV10333,H003,2026-06-26,CANCELLED,12:09:00,13:07:00,58,1,0,2026-06-22 11:56:04
APT100017,P4824,PROV10458,H004,2026-05-22,CANCELLED,11:24:00,12:58:00,94,1,0,2026-06-22 11:56:04
APT100018,P2106,PROV10310,H002,2026-06-29,NO_SHOW,10:04:00,10:38:00,34,0,1,2026-06-22 11:56:04
APT100019,P5353,PROV10115,H001,2026-01-13,RESCHEDULED,12:12:00,,,0,0,2026-06-22 11:56:04
APT100020,P4602,PROV10384,H004,2026-06-28,NO_SHOW,17:23:00,17:26:00,3,0,1,2026-06-22 11:56:04
APT100021,P3269,PROV10249,H002,2026-03-06,NO_SHOW,17:47:00,19:27:00,100,0,1,2026-06-22 11:56:04
APT100022,P2936,PROV10016,H005,2026-02-23,COMPLETED,14:46:00,16:10:00,84,0,0,2026-06-22 11:56:04
APT100023,P2573,PROV10109,H003,2026-03-14,COMPLETED,10:18:00,10:59:00,41,0,0,2026-06-22 11:56:04
APT100024,P5059,PROV10260,H003,2026-04-26,NO_SHOW,17:14:00,18:01:00,47,0,1,2026-06-22 11:56:04
APT100025,P3803,PROV10370,H001,2026-01-03,COMPLETED,13:12:00,14:58:00,106,0,0,2026-06-22 11:56:04
APT100026,P3740,PROV10432,H002,2026-05-02,NO_SHOW,15:16:00,15:17:00,1,0,1,2026-06-22 11:56:04
APT100027,P6226,PROV10175,H004,2026-02-23,RESCHEDULED,12:52:00,,,0,0,2026-06-22 11:56:04
APT100028,P6150,PROV10353,H005,2026-01-21,SCHEDULED,10:52:00,,,0,0,2026-06-22 11:56:04
APT100029,P6860,PROV10121,H002,2026-04-29,SCHEDULED,12:40:00,,,0,0,2026-06-22 11:56:04
APT100030,P5813,PROV10443,H003,2026-04-03,CANCELLED,13:48:00,15:09:00,81,1,0,2026-06-22 11:56:04
APT100031,P4249,PROV10403,H003,2026-01-03,CANCELLED,13:49:00,15:04:00,75,1,0,2026-06-22 11:56:04
APT100032,P6957,PROV10006,H005,2026-02-22,SCHEDULED,17:30:00,,,0,0,2026-06-22 11:56:04
APT100033,P4835,PROV10063,H005,2026-04-19,CANCELLED,12:38:00,14:02:00,84,1,0,2026-06-22 11:56:04
APT100034,P2249,PROV10073,H004,2026-01-14,CANCELLED,11:22:00,13:02:00,100,1,0,2026-06-22 11:56:04
APT100035,P3243,PROV10046,H001,2026-02-25,SCHEDULED,17:31:00,,,0,0,2026-06-22 11:56:04
APT100036,P2151,PROV10436,H005,2026-02-05,SCHEDULED,16:36:00,,,0,0,2026-06-22 11:56:04
APT100037,P4284,PROV10162,H003,2026-04-09,COMPLETED,11:18:00,12:26:00,68,0,0,2026-06-22 11:56:04
APT100038,P6731,PROV10297,H003,2026-04-05,NO_SHOW,15:27:00,17:16:00,109,0,1,2026-06-22 11:56:04
APT100039,P5573,PROV10239,H004,2026-06-26,NO_SHOW,12:08:00,12:59:00,51,0,1,2026-06-22 11:56:04
APT100040,P6722,PROV10384,H001,2026-01-17,COMPLETED,16:55:00,17:29:00,34,0,0,2026-06-22 11:56:04
APT100041,P3188,PROV10011,H001,2026-02-28,CANCELLED,15:08:00,15:44:00,36,1,0,2026-06-22 11:56:04
APT100042,P2441,PROV10447,H004,2026-04-21,COMPLETED,09:55:00,10:12:00,17,0,0,2026-06-22 11:56:04
APT100043,P3697,PROV10454,H003,2026-06-24,SCHEDULED,11:39:00,,,0,0,2026-06-22 11:56:04
APT100044,P4932,PROV10338,H004,2026-06-05,RESCHEDULED,13:37:00,,,0,0,2026-06-22 11:56:04
APT100045,P4370,PROV10058,H002,2026-05-04,COMPLETED,14:17:00,15:44:00,87,0,0,2026-06-22 11:56:04
APT100046,P3891,PROV10080,H004,2026-01-15,SCHEDULED,10:24:00,,,0,0,2026-06-22 11:56:04
APT100047,P6750,PROV10345,H002,2026-01-04,NO_SHOW,08:50:00,08:54:00,4,0,1,2026-06-22 11:56:04
APT100048,P2138,PROV10029,H005,2026-03-21,SCHEDULED,10:59:00,,,0,0,2026-06-22 11:56:04
APT100049,P3261,PROV10228,H003,2026-04-01,SCHEDULED,10:22:00,,,0,0,2026-06-22 11:56:04
APT100050,P4247,PROV10484,H001,2026-01-23,NO_SHOW,15:08:00,16:32:00,84,0,1,2026-06-22 11:56:04
APT100051,P5283,PROV10134,H005,2026-02-03,RESCHEDULED,09:45:00,,,0,0,2026-06-22 11:56:04
APT100052,P4517,PROV10228,H001,2026-01-01,CANCELLED,09:40:00,11:18:00,98,1,0,2026-06-22 11:56:04
APT100053,P5840,PROV10425,H001,2026-04-20,NO_SHOW,09:28:00,09:43:00,15,0,1,2026-06-22 11:56:04
APT100054,P2581,PROV10489,H001,2026-01-30,NO_SHOW,14:38:00,14:56:00,18,0,1,2026-06-22 11:56:04
APT100055,P3537,PROV10345,H005,2026-01-27,CANCELLED,16:08:00,16:31:00,23,1,0,2026-06-22 11:56:04
APT100056,P5677,PROV10488,H003,2026-06-29,SCHEDULED,12:43:00,,,0,0,2026-06-22 11:56:04
APT100057,P2594,PROV10132,H005,2026-03-05,RESCHEDULED,13:55:00,,,0,0,2026-06-22 11:56:04
APT100058,P2506,PROV10364,H004,2026-01-30,COMPLETED,11:15:00,11:30:00,15,0,0,2026-06-22 11:56:04
APT100059,P3247,PROV10244,H001,2026-06-09,NO_SHOW,11:58:00,13:15:00,77,0,1,2026-06-22 11:56:04
APT100060,P2511,PROV10181,H002,2026-06-11,RESCHEDULED,10:10:00,,,0,0,2026-06-22 11:56:04
APT100061,P4068,PROV10368,H005,2026-04-19,COMPLETED,16:12:00,17:23:00,71,0,0,2026-06-22 11:56:04
APT100062,P4639,PROV10369,H001,2026-03-07,RESCHEDULED,11:50:00,,,0,0,2026-06-22 11:56:04
APT100063,P6071,PROV10171,H003,2026-06-12,CANCELLED,11:24:00,11:25:00,1,1,0,2026-06-22 11:56:04
APT100064,P6389,PROV10160,H005,2026-01-15,RESCHEDULED,11:14:00,,,0,0,2026-06-22 11:56:04
APT100065,P3337,PROV10007,H005,2026-05-08,RESCHEDULED,08:16:00,,,0,0,2026-06-22 11:56:04
APT100066,P5742,PROV10426,H005,2026-03-04,RESCHEDULED,15:57:00,,,0,0,2026-06-22 11:56:04
APT100067,P5537,PROV10408,H001,2026-05-06,CANCELLED,11:59:00,12:45:00,46,1,0,2026-06-22 11:56:04
APT100068,P6578,PROV10379,H003,2026-02-22,COMPLETED,08:58:00,09:25:00,27,0,0,2026-06-22 11:56:04
APT100069,P6317,PROV10314,H005,2026-06-22,COMPLETED,11:10:00,11:25:00,15,0,0,2026-06-22 11:56:04
APT100070,P6608,PROV10111,H004,2026-03-08,COMPLETED,15:52:00,17:32:00,100,0,0,2026-06-22 11:56:04
APT100071,P2444,PROV10481,H003,2026-03-02,RESCHEDULED,10:19:00,,,0,0,2026-06-22 11:56:04
APT100072,P4975,PROV10344,H001,2026-03-06,CANCELLED,08:58:00,09:32:00,34,1,0,2026-06-22 11:56:04
APT100073,P5761,PROV10489,H005,2026-04-30,CANCELLED,14:07:00,14:22:00,15,1,0,2026-06-22 11:56:04
APT100074,P5606,PROV10253,H003,2026-02-09,CANCELLED,13:08:00,13:08:00,0,1,0,2026-06-22 11:56:04
APT100075,P4781,PROV10064,H002,2026-04-20,NO_SHOW,09:27:00,09:39:00,12,0,1,2026-06-22 11:56:04
APT100076,P3152,PROV10193,H005,2026-05-13,CANCELLED,15:43:00,16:42:00,59,1,0,2026-06-22 11:56:04
APT100077,P3024,PROV10328,H004,2026-05-17,RESCHEDULED,14:26:00,,,0,0,2026-06-22 11:56:04
APT100078,P5746,PROV10006,H001,2026-02-17,RESCHEDULED,12:42:00,,,0,0,2026-06-22 11:56:04
APT100079,P3428,PROV10304,H001,2026-01-27,SCHEDULED,09:38:00,,,0,0,2026-06-22 11:56:04
APT100080,P4360,PROV10020,H003,2026-06-10,CANCELLED,11:56:00,12:44:00,48,1,0,2026-06-22 11:56:04
APT100081,P2608,PROV10429,H005,2026-06-09,CANCELLED,12:42:00,14:35:00,113,1,0,2026-06-22 11:56:04
APT100082,P6511,PROV10394,H001,2026-03-01,CANCELLED,10:39:00,11:17:00,38,1,0,2026-06-22 11:56:04
APT100083,P6306,PROV10449,H005,2026-01-04,CANCELLED,15:19:00,15:57:00,38,1,0,2026-06-22 11:56:04
APT100084,P3484,PROV10339,H004,2026-06-30,COMPLETED,17:31:00,18:06:00,35,0,0,2026-06-22 11:56:04
APT100085,P5539,PROV10383,H004,2026-04-15,SCHEDULED,12:51:00,,,0,0,2026-06-22 11:56:04
APT100086,P5834,PROV10265,H001,2026-01-04,RESCHEDULED,16:46:00,,,0,0,2026-06-22 11:56:04
APT100087,P4054,PROV10039,H003,2026-05-10,NO_SHOW,10:23:00,10:34:00,11,0,1,2026-06-22 11:56:04
APT100088,P2536,PROV10452,H004,2026-03-09,SCHEDULED,17:32:00,,,0,0,2026-06-22 11:56:04
APT100089,P3897,PROV10009,H004,2026-01-23,RESCHEDULED,09:21:00,,,0,0,2026-06-22 11:56:04
APT100090,P5731,PROV10064,H005,2026-02-12,NO_SHOW,13:17:00,13:37:00,20,0,1,2026-06-22 11:56:04
APT100091,P4494,PROV10142,H002,2026-06-12,COMPLETED,11:41:00,12:02:00,21,0,0,2026-06-22 11:56:04
APT100092,P6948,PROV10181,H003,2026-01-27,NO_SHOW,08:14:00,08:48:00,34,0,1,2026-06-22 11:56:04
APT100093,P4985,PROV10198,H005,2026-03-06,CANCELLED,09:34:00,09:58:00,24,1,0,2026-06-22 11:56:04
APT100094,P6840,PROV10340,H003,2026-05-31,RESCHEDULED,08:14:00,,,0,0,2026-06-22 11:56:04
APT100095,P3322,PROV10067,H002,2026-02-26,NO_SHOW,12:01:00,12:24:00,23,0,1,2026-06-22 11:56:04
APT100096,P5843,PROV10073,H002,2026-01-19,CANCELLED,13:53:00,14:11:00,18,1,0,2026-06-22 11:56:04
APT100097,P2020,PROV10223,H004,2026-02-27,SCHEDULED,12:45:00,,,0,0,2026-06-22 11:56:04
APT100098,P2719,PROV10154,H004,2026-06-23,CANCELLED,15:03:00,16:02:00,59,1,0,2026-06-22 11:56:04
APT100099,P4993,PROV10431,H001,2026-06-18,NO_SHOW,17:44:00,18:25:00,41,0,1,2026-06-22 11:56:04
APT100100,P2162,PROV10248,H001,2026-06-07,RESCHEDULED,16:09:00,,,0,0,2026-06-22 11:56:04
APT100101,P4202,PROV10019,H002,2026-05-11,COMPLETED,08:26:00,09:16:00,50,0,0,2026-06-22 11:56:04
APT100102,P3408,PROV10179,H003,2026-02-11,COMPLETED,08:59:00,10:08:00,69,0,0,2026-06-22 11:56:04
APT100103,P6146,PROV10418,H004,2026-05-24,SCHEDULED,14:54:00,,,0,0,2026-06-22 11:56:04
APT100104,P6040,PROV10192,H001,2026-04-20,SCHEDULED,13:04:00,,,0,0,2026-06-22 11:56:04
APT100105,P2530,PROV10361,H002,2026-05-17,SCHEDULED,17:49:00,,,0,0,2026-06-22 11:56:04
APT100106,P2135,PROV10090,H003,2026-05-08,NO_SHOW,11:08:00,12:11:00,63,0,1,2026-06-22 11:56:04
APT100107,P4729,PROV10343,H004,2026-02-01,NO_SHOW,12:13:00,13:42:00,89,0,1,2026-06-22 11:56:04
APT100108,P6273,PROV10257,H005,2026-03-16,COMPLETED,14:57:00,15:15:00,18,0,0,2026-06-22 11:56:04
APT100109,P5571,PROV10218,H002,2026-04-28,NO_SHOW,12:47:00,14:46:00,119,0,1,2026-06-22 11:56:04
APT100110,P6114,PROV10063,H003,2026-01-21,COMPLETED,11:39:00,12:52:00,73,0,0,2026-06-22 11:56:04
APT100111,P6355,PROV10405,H005,2026-06-03,COMPLETED,11:36:00,12:14:00,38,0,0,2026-06-22 11:56:04
APT100112,P2824,PROV10190,H003,2026-06-11,CANCELLED,11:23:00,11:53:00,30,1,0,2026-06-22 11:56:04
APT100113,P4197,PROV10127,H004,2026-04-30,RESCHEDULED,14:54:00,,,0,0,2026-06-22 11:56:04
APT100114,P5886,PROV10374,H005,2026-02-26,COMPLETED,15:08:00,15:13:00,5,0,0,2026-06-22 11:56:04
APT100115,P4835,PROV10143,H005,2026-01-28,CANCELLED,08:00:00,08:09:00,9,1,0,2026-06-22 11:56:04
APT100116,P5812,PROV10251,H002,2026-05-30,RESCHEDULED,11:35:00,,,0,0,2026-06-22 11:56:04
APT100117,P3829,PROV10258,H001,2026-03-03,NO_SHOW,09:52:00,10:38:00,46,0,1,2026-06-22 11:56:04
APT100118,P4620,PROV10364,H005,2026-04-10,CANCELLED,10:19:00,10:53:00,34,1,0,2026-06-22 11:56:04
APT100119,P2121,PROV10068,H005,2026-05-14,RESCHEDULED,10:13:00,,,0,0,2026-06-22 11:56:04
APT100120,P5831,PROV10294,H002,2026-05-06,COMPLETED,13:45:00,14:35:00,50,0,0,2026-06-22 11:56:04
APT100121,P4342,PROV10279,H002,2026-02-07,CANCELLED,15:34:00,16:20:00,46,1,0,2026-06-22 11:56:04
APT100122,P5170,PROV10059,H002,2026-02-20,NO_SHOW,12:36:00,13:11:00,35,0,1,2026-06-22 11:56:04
APT100123,P6013,PROV10132,H005,2026-03-02,COMPLETED,16:42:00,18:15:00,93,0,0,2026-06-22 11:56:04
APT100124,P2986,PROV10275,H004,2026-02-27,SCHEDULED,15:23:00,,,0,0,2026-06-22 11:56:04
APT100125,P6892,PROV10386,H001,2026-03-05,NO_SHOW,12:56:00,13:27:00,31,0,1,2026-06-22 11:56:04
APT100126,P3387,PROV10391,H001,2026-02-24,CANCELLED,10:01:00,10:34:00,33,1,0,2026-06-22 11:56:04
APT100127,P6918,PROV10187,H005,2026-01-19,SCHEDULED,14:46:00,,,0,0,2026-06-22 11:56:04
APT100128,P3605,PROV10052,H004,2026-01-08,RESCHEDULED,12:00:00,,,0,0,2026-06-22 11:56:04
APT100129,P6115,PROV10165,H004,2026-04-19,NO_SHOW,14:46:00,14:49:00,3,0,1,2026-06-22 11:56:04
APT100130,P5525,PROV10244,H004,2026-03-20,CANCELLED,09:30:00,11:15:00,105,1,0,2026-06-22 11:56:04
APT100131,P3105,PROV10341,H004,2026-03-14,CANCELLED,08:28:00,09:12:00,44,1,0,2026-06-22 11:56:04
APT100132,P3518,PROV10471,H005,2026-05-31,SCHEDULED,08:23:00,,,0,0,2026-06-22 11:56:04
APT100133,P6599,PROV10037,H004,2026-02-14,SCHEDULED,08:51:00,,,0,0,2026-06-22 11:56:04
APT100134,P2934,PROV10167,H003,2026-01-21,SCHEDULED,11:01:00,,,0,0,2026-06-22 11:56:04
APT100135,P6725,PROV10385,H004,2026-01-07,SCHEDULED,14:14:00,,,0,0,2026-06-22 11:56:04
APT100136,P6477,PROV10303,H002,2026-03-22,RESCHEDULED,13:35:00,,,0,0,2026-06-22 11:56:04
APT100137,P4933,PROV10149,H001,2026-06-30,SCHEDULED,09:16:00,,,0,0,2026-06-22 11:56:04
APT100138,P4787,PROV10356,H002,2026-03-04,SCHEDULED,17:48:00,,,0,0,2026-06-22 11:56:04
APT100139,P5178,PROV10495,H002,2026-02-13,CANCELLED,11:25:00,12:59:00,94,1,0,2026-06-22 11:56:04
APT100140,P3418,PROV10498,H004,2026-04-29,NO_SHOW,17:25:00,18:19:00,54,0,1,2026-06-22 11:56:04
APT100141,P4126,PROV10220,H004,2026-04-20,RESCHEDULED,15:00:00,,,0,0,2026-06-22 11:56:04
APT100142,P6889,PROV10242,H002,2026-02-18,SCHEDULED,13:21:00,,,0,0,2026-06-22 11:56:04
APT100143,P5605,PROV10383,H002,2026-03-13,COMPLETED,11:29:00,11:36:00,7,0,0,2026-06-22 11:56:04
APT100144,P6425,PROV10387,H002,2026-04-27,NO_SHOW,17:04:00,18:22:00,78,0,1,2026-06-22 11:56:04
APT100145,P3146,PROV10152,H005,2026-02-10,RESCHEDULED,17:15:00,,,0,0,2026-06-22 11:56:04
APT100146,P5289,PROV10093,H005,2026-04-11,SCHEDULED,11:25:00,,,0,0,2026-06-22 11:56:04
APT100147,P5771,PROV10389,H005,2026-03-27,RESCHEDULED,11:15:00,,,0,0,2026-06-22 11:56:04
APT100148,P2229,PROV10042,H004,2026-01-09,SCHEDULED,11:43:00,,,0,0,2026-06-22 11:56:04
APT100149,P2766,PROV10425,H002,2026-03-03,COMPLETED,12:18:00,13:56:00,98,0,0,2026-06-22 11:56:04
APT100150,P3122,PROV10208,H005,2026-02-07,NO_SHOW,16:32:00,17:09:00,37,0,1,2026-06-22 11:56:04
APT100151,P5938,PROV10005,H002,2026-05-20,COMPLETED,11:35:00,13:20:00,105,0,0,2026-06-22 11:56:04
APT100152,P6264,PROV10065,H002,2026-02-19,COMPLETED,08:09:00,08:30:00,21,0,0,2026-06-22 11:56:04
APT100153,P3121,PROV10183,H003,2026-05-14,CANCELLED,09:12:00,09:56:00,44,1,0,2026-06-22 11:56:04
APT100154,P3383,PROV10485,H005,2026-06-14,CANCELLED,15:11:00,16:10:00,59,1,0,2026-06-22 11:56:04
APT100155,P4724,PROV10429,H004,2026-02-12,COMPLETED,15:02:00,16:09:00,67,0,0,2026-06-22 11:56:04
APT100156,P2868,PROV10003,H005,2026-04-02,SCHEDULED,13:21:00,,,0,0,2026-06-22 11:56:04
APT100157,P3623,PROV10380,H003,2026-02-24,NO_SHOW,10:17:00,11:25:00,68,0,1,2026-06-22 11:56:04
APT100158,P4477,PROV10293,H003,2026-05-25,SCHEDULED,11:31:00,,,0,0,2026-06-22 11:56:04
APT100159,P4308,PROV10094,H005,2026-02-18,RESCHEDULED,14:40:00,,,0,0,2026-06-22 11:56:04
APT100160,P4058,PROV10337,H003,2026-04-11,SCHEDULED,14:03:00,,,0,0,2026-06-22 11:56:04
APT100161,P3789,PROV10058,H003,2026-06-30,NO_SHOW,10:14:00,10:15:00,1,0,1,2026-06-22 11:56:04
APT100162,P2388,PROV10083,H005,2026-02-02,RESCHEDULED,16:33:00,,,0,0,2026-06-22 11:56:04
APT100163,P2889,PROV10332,H004,2026-05-29,CANCELLED,12:11:00,12:48:00,37,1,0,2026-06-22 11:56:04
APT100164,P3355,PROV10409,H005,2026-04-30,SCHEDULED,09:55:00,,,0,0,2026-06-22 11:56:04
APT100165,P5467,PROV10268,H005,2026-02-24,CANCELLED,10:01:00,10:56:00,55,1,0,2026-06-22 11:56:04
APT100166,P6642,PROV10229,H002,2026-04-29,SCHEDULED,10:45:00,,,0,0,2026-06-22 11:56:04
APT100167,P6860,PROV10349,H004,2026-03-07,RESCHEDULED,16:25:00,,,0,0,2026-06-22 11:56:04
APT100168,P5034,PROV10183,H005,2026-03-29,RESCHEDULED,13:37:00,,,0,0,2026-06-22 11:56:04
APT100169,P6602,PROV10457,H004,2026-06-30,NO_SHOW,11:06:00,12:33:00,87,0,1,2026-06-22 11:56:04
APT100170,P3395,PROV10214,H004,2026-05-22,RESCHEDULED,12:25:00,,,0,0,2026-06-22 11:56:04
APT100171,P4447,PROV10172,H005,2026-01-05,COMPLETED,17:19:00,18:43:00,84,0,0,2026-06-22 11:56:04
APT100172,P2010,PROV10407,H003,2026-02-21,SCHEDULED,15:09:00,,,0,0,2026-06-22 11:56:04
APT100173,P5145,PROV10251,H003,2026-05-12,SCHEDULED,16:31:00,,,0,0,2026-06-22 11:56:04
APT100174,P4859,PROV10109,H002,2026-03-01,NO_SHOW,09:49:00,11:37:00,108,0,1,2026-06-22 11:56:04
APT100175,P6864,PROV10291,H005,2026-01-19,CANCELLED,13:17:00,14:52:00,95,1,0,2026-06-22 11:56:04
APT100176,P3291,PROV10081,H003,2026-05-12,COMPLETED,12:40:00,12:57:00,17,0,0,2026-06-22 11:56:04
APT100177,P6872,PROV10053,H005,2026-05-31,NO_SHOW,08:22:00,08:42:00,20,0,1,2026-06-22 11:56:04
APT100178,P4135,PROV10175,H003,2026-04-08,NO_SHOW,15:05:00,15:09:00,4,0,1,2026-06-22 11:56:04
APT100179,P2339,PROV10019,H004,2026-06-12,NO_SHOW,16:18:00,17:25:00,67,0,1,2026-06-22 11:56:04
APT100180,P5415,PROV10367,H002,2026-03-07,RESCHEDULED,09:01:00,,,0,0,2026-06-22 11:56:04
APT100181,P2513,PROV10100,H002,2026-05-01,NO_SHOW,16:47:00,17:08:00,21,0,1,2026-06-22 11:56:04
APT100182,P6489,PROV10229,H005,2026-02-13,CANCELLED,14:03:00,14:39:00,36,1,0,2026-06-22 11:56:04
APT100183,P2218,PROV10131,H002,2026-06-02,RESCHEDULED,12:00:00,,,0,0,2026-06-22 11:56:04
APT100184,P5346,PROV10329,H001,2026-03-14,COMPLETED,15:22:00,16:15:00,53,0,0,2026-06-22 11:56:04
APT100185,P3243,PROV10386,H004,2026-02-25,NO_SHOW,10:54:00,11:17:00,23,0,1,2026-06-22 11:56:04
APT100186,P6335,PROV10296,H002,2026-03-14,SCHEDULED,13:49:00,,,0,0,2026-06-22 11:56:04
APT100187,P4703,PROV10146,H004,2026-03-31,CANCELLED,15:25:00,16:23:00,58,1,0,2026-06-22 11:56:04
APT100188,P2932,PROV10237,H001,2026-06-19,COMPLETED,09:34:00,10:19:00,45,0,0,2026-06-22 11:56:04
APT100189,P4686,PROV10405,H002,2026-05-05,COMPLETED,11:14:00,11:50:00,36,0,0,2026-06-22 11:56:04
APT100190,P3378,PROV10440,H003,2026-06-09,SCHEDULED,14:00:00,,,0,0,2026-06-22 11:56:04
APT100191,P6059,PROV10132,H001,2026-06-06,RESCHEDULED,17:53:00,,,0,0,2026-06-22 11:56:04
APT100192,P3098,PROV10341,H001,2026-03-31,COMPLETED,11:59:00,12:22:00,23,0,0,2026-06-22 11:56:04
APT100193,P2100,PROV10390,H002,2026-02-03,SCHEDULED,15:53:00,,,0,0,2026-06-22 11:56:04
APT100194,P4909,PROV10193,H002,2026-01-11,NO_SHOW,14:55:00,16:35:00,100,0,1,2026-06-22 11:56:04
APT100195,P5388,PROV10367,H003,2026-05-20,CANCELLED,17:15:00,17:55:00,40,1,0,2026-06-22 11:56:04
APT100196,P6216,PROV10064,H002,2026-02-02,COMPLETED,11:24:00,11:27:00,3,0,0,2026-06-22 11:56:04
APT100197,P5079,PROV10142,H005,2026-01-06,NO_SHOW,12:49:00,13:19:00,30,0,1,2026-06-22 11:56:04
APT100198,P6343,PROV10405,H003,2026-02-27,RESCHEDULED,15:12:00,,,0,0,2026-06-22 11:56:04
APT100199,P6290,PROV10182,H003,2026-05-07,RESCHEDULED,08:05:00,,,0,0,2026-06-22 11:56:04
APT100200,P2880,PROV10109,H002,2026-06-19,RESCHEDULED,14:37:00,,,0,0,2026-06-22 11:56:04
APT100201,P5575,PROV10168,H005,2026-05-10,COMPLETED,13:07:00,14:03:00,56,0,0,2026-06-22 11:56:04
APT100202,P2824,PROV10058,H004,2026-03-26,RESCHEDULED,17:23:00,,,0,0,2026-06-22 11:56:04
APT100203,P2752,PROV10472,H002,2026-05-22,RESCHEDULED,13:21:00,,,0,0,2026-06-22 11:56:04
APT100204,P2714,PROV10479,H001,2026-05-28,RESCHEDULED,15:24:00,,,0,0,2026-06-22 11:56:04
APT100205,P5921,PROV10415,H004,2026-01-08,COMPLETED,10:23:00,10:57:00,34,0,0,2026-06-22 11:56:04
APT100206,P6778,PROV10013,H001,2026-02-06,RESCHEDULED,11:46:00,,,0,0,2026-06-22 11:56:04
APT100207,P3042,PROV10286,H002,2026-01-24,NO_SHOW,11:31:00,11:34:00,3,0,1,2026-06-22 11:56:04
APT100208,P3548,PROV10254,H003,2026-06-16,RESCHEDULED,10:14:00,,,0,0,2026-06-22 11:56:04
APT100209,P3312,PROV10144,H002,2026-06-22,NO_SHOW,12:12:00,13:05:00,53,0,1,2026-06-22 11:56:04
APT100210,P5884,PROV10023,H005,2026-01-27,COMPLETED,10:09:00,10:21:00,12,0,0,2026-06-22 11:56:04
APT100211,P2596,PROV10111,H002,2026-03-05,NO_SHOW,11:55:00,13:44:00,109,0,1,2026-06-22 11:56:04
APT100212,P3846,PROV10301,H005,2026-03-21,COMPLETED,15:29:00,15:41:00,12,0,0,2026-06-22 11:56:04
APT100213,P3389,PROV10165,H001,2026-06-29,RESCHEDULED,16:32:00,,,0,0,2026-06-22 11:56:04
APT100214,P2605,PROV10042,H001,2026-03-29,COMPLETED,12:03:00,13:48:00,105,0,0,2026-06-22 11:56:04
APT100215,P4326,PROV10053,H004,2026-04-02,RESCHEDULED,17:36:00,,,0,0,2026-06-22 11:56:04
APT100216,P3818,PROV10326,H002,2026-03-12,COMPLETED,09:16:00,09:49:00,33,0,0,2026-06-22 11:56:04
APT100217,P3336,PROV10383,H001,2026-06-01,NO_SHOW,16:07:00,17:58:00,111,0,1,2026-06-22 11:56:04
APT100218,P4193,PROV10196,H002,2026-03-09,RESCHEDULED,12:12:00,,,0,0,2026-06-22 11:56:04
APT100219,P6819,PROV10028,H003,2026-05-10,SCHEDULED,11:14:00,,,0,0,2026-06-22 11:56:04
APT100220,P2737,PROV10234,H003,2026-02-21,NO_SHOW,17:20:00,18:17:00,57,0,1,2026-06-22 11:56:04
APT100221,P2222,PROV10321,H001,2026-06-25,CANCELLED,12:21:00,12:33:00,12,1,0,2026-06-22 11:56:04
APT100222,P5015,PROV10073,H001,2026-03-03,SCHEDULED,12:33:00,,,0,0,2026-06-22 11:56:04
APT100223,P2458,PROV10298,H003,2026-06-21,COMPLETED,15:54:00,16:13:00,19,0,0,2026-06-22 11:56:04
APT100224,P5883,PROV10343,H004,2026-02-09,NO_SHOW,13:42:00,15:40:00,118,0,1,2026-06-22 11:56:04
APT100225,P4227,PROV10334,H002,2026-06-05,SCHEDULED,09:02:00,,,0,0,2026-06-22 11:56:04
APT100226,P6852,PROV10128,H001,2026-04-01,NO_SHOW,11:06:00,12:50:00,104,0,1,2026-06-22 11:56:04
APT100227,P6646,PROV10373,H004,2026-06-06,NO_SHOW,12:31:00,14:21:00,110,0,1,2026-06-22 11:56:04
APT100228,P6479,PROV10325,H003,2026-03-23,CANCELLED,17:20:00,18:07:00,47,1,0,2026-06-22 11:56:04
APT100229,P2153,PROV10331,H002,2026-06-22,SCHEDULED,15:21:00,,,0,0,2026-06-22 11:56:04
APT100230,P4348,PROV10378,H005,2026-05-03,SCHEDULED,17:58:00,,,0,0,2026-06-22 11:56:04
APT100231,P6446,PROV10290,H001,2026-01-10,COMPLETED,14:47:00,15:02:00,15,0,0,2026-06-22 11:56:04
APT100232,P2803,PROV10183,H004,2026-01-29,COMPLETED,09:17:00,10:37:00,80,0,0,2026-06-22 11:56:04
APT100233,P2688,PROV10308,H002,2026-01-02,COMPLETED,13:01:00,14:12:00,71,0,0,2026-06-22 11:56:04
APT100234,P3598,PROV10395,H001,2026-03-31,SCHEDULED,17:18:00,,,0,0,2026-06-22 11:56:04
APT100235,P6305,PROV10213,H005,2026-02-18,RESCHEDULED,08:44:00,,,0,0,2026-06-22 11:56:04
APT100236,P2409,PROV10159,H005,2026-06-05,RESCHEDULED,10:09:00,,,0,0,2026-06-22 11:56:04
APT100237,P2384,PROV10500,H004,2026-05-30,SCHEDULED,09:53:00,,,0,0,2026-06-22 11:56:04
APT100238,P5178,PROV10475,H003,2026-02-24,COMPLETED,12:23:00,13:02:00,39,0,0,2026-06-22 11:56:04
APT100239,P5536,PROV10125,H001,2026-01-11,CANCELLED,16:57:00,17:44:00,47,1,0,2026-06-22 11:56:04
APT100240,P2295,PROV10488,H003,2026-02-28,RESCHEDULED,13:33:00,,,0,0,2026-06-22 11:56:04
APT100241,P2486,PROV10478,H002,2026-03-27,COMPLETED,17:04:00,17:33:00,29,0,0,2026-06-22 11:56:04
APT100242,P2084,PROV10426,H004,2026-05-23,RESCHEDULED,14:08:00,,,0,0,2026-06-22 11:56:04
APT100243,P3709,PROV10408,H003,2026-01-30,SCHEDULED,14:13:00,,,0,0,2026-06-22 11:56:04
APT100244,P5420,PROV10120,H005,2026-05-10,COMPLETED,09:11:00,10:16:00,65,0,0,2026-06-22 11:56:04
APT100245,P5370,PROV10073,H002,2026-01-15,RESCHEDULED,12:13:00,,,0,0,2026-06-22 11:56:04
APT100246,P6663,PROV10110,H002,2026-05-05,NO_SHOW,17:54:00,19:30:00,96,0,1,2026-06-22 11:56:04
APT100247,P2749,PROV10038,H005,2026-03-31,CANCELLED,08:40:00,08:50:00,10,1,0,2026-06-22 11:56:04
APT100248,P3842,PROV10243,H004,2026-05-07,CANCELLED,14:33:00,14:51:00,18,1,0,2026-06-22 11:56:04
APT100249,P6115,PROV10199,H003,2026-05-12,SCHEDULED,13:30:00,,,0,0,2026-06-22 11:56:04
APT100250,P4839,PROV10148,H002,2026-01-31,RESCHEDULED,10:29:00,,,0,0,2026-06-22 11:56:04
APT100251,P6585,PROV10461,H005,2026-06-09,CANCELLED,12:31:00,14:29:00,118,1,0,2026-06-22 11:56:04
APT100252,P3240,PROV10186,H005,2026-01-02,COMPLETED,16:12:00,16:59:00,47,0,0,2026-06-22 11:56:04
APT100253,P2974,PROV10354,H002,2026-01-25,COMPLETED,09:10:00,09:40:00,30,0,0,2026-06-22 11:56:04
APT100254,P6073,PROV10192,H005,2026-01-29,NO_SHOW,09:00:00,09:40:00,40,0,1,2026-06-22 11:56:04
APT100255,P2458,PROV10089,H004,2026-04-20,NO_SHOW,13:43:00,14:27:00,44,0,1,2026-06-22 11:56:04
APT100256,P6679,PROV10291,H002,2026-04-14,SCHEDULED,11:34:00,,,0,0,2026-06-22 11:56:04
APT100257,P3070,PROV10051,H001,2026-03-25,COMPLETED,08:48:00,10:30:00,102,0,0,2026-06-22 11:56:04
APT100258,P5676,PROV10365,H004,2026-06-11,CANCELLED,11:14:00,11:37:00,23,1,0,2026-06-22 11:56:04
APT100259,P5858,PROV10162,H001,2026-04-18,CANCELLED,10:58:00,12:44:00,106,1,0,2026-06-22 11:56:04
APT100260,P2599,PROV10289,H002,2026-04-22,CANCELLED,08:48:00,09:09:00,21,1,0,2026-06-22 11:56:04
APT100261,P3245,PROV10288,H002,2026-04-25,RESCHEDULED,17:59:00,,,0,0,2026-06-22 11:56:04
APT100262,P4756,PROV10381,H002,2026-03-21,CANCELLED,13:19:00,14:28:00,69,1,0,2026-06-22 11:56:04
APT100263,P3288,PROV10444,H001,2026-04-03,RESCHEDULED,15:48:00,,,0,0,2026-06-22 11:56:04
APT100264,P4850,PROV10343,H002,2026-04-08,CANCELLED,13:18:00,14:23:00,65,1,0,2026-06-22 11:56:04
APT100265,P5539,PROV10004,H005,2026-05-07,SCHEDULED,09:41:00,,,0,0,2026-06-22 11:56:04
APT100266,P3345,PROV10410,H002,2026-02-02,SCHEDULED,11:53:00,,,0,0,2026-06-22 11:56:04
APT100267,P4529,PROV10369,H004,2026-03-13,NO_SHOW,08:16:00,09:05:00,49,0,1,2026-06-22 11:56:04
APT100268,P6088,PROV10060,H003,2026-02-03,SCHEDULED,17:09:00,,,0,0,2026-06-22 11:56:04
APT100269,P2372,PROV10221,H001,2026-05-06,CANCELLED,13:31:00,14:58:00,87,1,0,2026-06-22 11:56:04
APT100270,P6907,PROV10407,H004,2026-03-21,COMPLETED,12:09:00,13:29:00,80,0,0,2026-06-22 11:56:04
APT100271,P2119,PROV10390,H002,2026-03-28,SCHEDULED,08:08:00,,,0,0,2026-06-22 11:56:04
APT100272,P3351,PROV10479,H002,2026-05-24,NO_SHOW,08:36:00,08:47:00,11,0,1,2026-06-22 11:56:04
APT100273,P4760,PROV10491,H003,2026-05-05,NO_SHOW,16:58:00,18:31:00,93,0,1,2026-06-22 11:56:04
APT100274,P5735,PROV10095,H001,2026-01-31,NO_SHOW,08:37:00,08:45:00,8,0,1,2026-06-22 11:56:04
APT100275,P5971,PROV10220,H002,2026-04-09,CANCELLED,14:58:00,15:45:00,47,1,0,2026-06-22 11:56:04
APT100276,P3905,PROV10206,H003,2026-06-14,SCHEDULED,13:47:00,,,0,0,2026-06-22 11:56:04
APT100277,P4840,PROV10194,H005,2026-01-13,NO_SHOW,12:52:00,14:22:00,90,0,1,2026-06-22 11:56:04
APT100278,P4293,PROV10197,H005,2026-01-13,CANCELLED,11:19:00,11:50:00,31,1,0,2026-06-22 11:56:04
APT100279,P3992,PROV10246,H004,2026-06-24,CANCELLED,08:55:00,09:22:00,27,1,0,2026-06-22 11:56:04
APT100280,P4924,PROV10219,H005,2026-04-23,NO_SHOW,12:50:00,13:02:00,12,0,1,2026-06-22 11:56:04
APT100281,P6206,PROV10224,H002,2026-01-17,RESCHEDULED,14:14:00,,,0,0,2026-06-22 11:56:04
APT100282,P4735,PROV10268,H003,2026-03-23,SCHEDULED,17:00:00,,,0,0,2026-06-22 11:56:04
APT100283,P5416,PROV10438,H001,2026-04-08,RESCHEDULED,09:09:00,,,0,0,2026-06-22 11:56:04
APT100284,P6153,PROV10357,H003,2026-06-23,NO_SHOW,15:49:00,16:41:00,52,0,1,2026-06-22 11:56:04
APT100285,P3809,PROV10031,H003,2026-05-02,NO_SHOW,09:09:00,09:17:00,8,0,1,2026-06-22 11:56:04
APT100286,P3694,PROV10305,H002,2026-01-13,SCHEDULED,11:01:00,,,0,0,2026-06-22 11:56:04
APT100287,P4253,PROV10129,H002,2026-03-07,COMPLETED,11:56:00,13:25:00,89,0,0,2026-06-22 11:56:04
APT100288,P4595,PROV10186,H004,2026-03-15,COMPLETED,17:59:00,19:07:00,68,0,0,2026-06-22 11:56:04
APT100289,P3957,PROV10438,H004,2026-01-21,RESCHEDULED,10:49:00,,,0,0,2026-06-22 11:56:04
APT100290,P3330,PROV10341,H004,2026-01-13,COMPLETED,14:24:00,15:06:00,42,0,0,2026-06-22 11:56:04
APT100291,P4066,PROV10054,H004,2026-03-27,COMPLETED,17:52:00,17:52:00,0,0,0,2026-06-22 11:56:04
APT100292,P3101,PROV10177,H001,2026-06-09,CANCELLED,14:33:00,14:48:00,15,1,0,2026-06-22 11:56:04
APT100293,P5972,PROV10496,H003,2026-03-10,CANCELLED,09:13:00,11:13:00,120,1,0,2026-06-22 11:56:04
APT100294,P3005,PROV10236,H005,2026-01-03,CANCELLED,16:42:00,18:00:00,78,1,0,2026-06-22 11:56:04
APT100295,P3168,PROV10031,H002,2026-02-27,COMPLETED,14:23:00,15:13:00,50,0,0,2026-06-22 11:56:04
APT100296,P4797,PROV10114,H001,2026-06-06,RESCHEDULED,09:30:00,,,0,0,2026-06-22 11:56:04
APT100297,P6166,PROV10205,H001,2026-03-21,CANCELLED,16:38:00,16:53:00,15,1,0,2026-06-22 11:56:04
APT100298,P2166,PROV10333,H001,2026-02-18,SCHEDULED,11:13:00,,,0,0,2026-06-22 11:56:04
APT100299,P2938,PROV10094,H004,2026-02-15,COMPLETED,13:14:00,15:00:00,106,0,0,2026-06-22 11:56:04
APT100300,P6454,PROV10074,H002,2026-03-26,COMPLETED,14:25:00,16:03:00,98,0,0,2026-06-22 11:56:04
APT100301,P4984,PROV10206,H003,2026-06-26,NO_SHOW,16:26:00,16:49:00,23,0,1,2026-06-22 11:56:04
APT100302,P5231,PROV10430,H002,2026-05-11,NO_SHOW,15:59:00,16:01:00,2,0,1,2026-06-22 11:56:04
APT100303,P4862,PROV10078,H005,2026-03-04,NO_SHOW,08:48:00,09:46:00,58,0,1,2026-06-22 11:56:04
APT100304,P6119,PROV10103,H002,2026-05-07,NO_SHOW,14:57:00,16:24:00,87,0,1,2026-06-22 11:56:04
APT100305,P2368,PROV10302,H004,2026-03-07,COMPLETED,14:56:00,16:37:00,101,0,0,2026-06-22 11:56:04
APT100306,P3365,PROV10439,H001,2026-06-24,RESCHEDULED,14:31:00,,,0,0,2026-06-22 11:56:04
APT100307,P5417,PROV10044,H002,2026-01-29,COMPLETED,16:02:00,17:47:00,105,0,0,2026-06-22 11:56:04
APT100308,P3944,PROV10350,H001,2026-03-21,COMPLETED,12:57:00,13:20:00,23,0,0,2026-06-22 11:56:04
APT100309,P4871,PROV10292,H001,2026-04-25,RESCHEDULED,12:09:00,,,0,0,2026-06-22 11:56:04
APT100310,P4847,PROV10118,H005,2026-01-12,CANCELLED,12:25:00,13:08:00,43,1,0,2026-06-22 11:56:04
APT100311,P3152,PROV10164,H002,2026-02-25,SCHEDULED,09:31:00,,,0,0,2026-06-22 11:56:04
APT100312,P3169,PROV10460,H005,2026-05-27,NO_SHOW,11:31:00,11:43:00,12,0,1,2026-06-22 11:56:04
APT100313,P6787,PROV10349,H003,2026-02-18,NO_SHOW,14:21:00,14:44:00,23,0,1,2026-06-22 11:56:04
APT100314,P2085,PROV10460,H001,2026-03-03,SCHEDULED,13:05:00,,,0,0,2026-06-22 11:56:04
APT100315,P5536,PROV10416,H001,2026-01-10,SCHEDULED,15:23:00,,,0,0,2026-06-22 11:56:04
APT100316,P6267,PROV10248,H002,2026-04-14,SCHEDULED,08:05:00,,,0,0,2026-06-22 11:56:04
APT100317,P5789,PROV10280,H001,2026-06-27,SCHEDULED,13:22:00,,,0,0,2026-06-22 11:56:04
APT100318,P6547,PROV10064,H005,2026-02-05,RESCHEDULED,10:55:00,,,0,0,2026-06-22 11:56:04
APT100319,P2784,PROV10393,H001,2026-04-12,RESCHEDULED,10:58:00,,,0,0,2026-06-22 11:56:04
APT100320,P2544,PROV10494,H004,2026-05-02,RESCHEDULED,09:01:00,,,0,0,2026-06-22 11:56:04
APT100321,P4121,PROV10296,H001,2026-01-18,SCHEDULED,13:21:00,,,0,0,2026-06-22 11:56:04
APT100322,P6839,PROV10371,H005,2026-06-29,NO_SHOW,11:14:00,13:03:00,109,0,1,2026-06-22 11:56:04
APT100323,P2203,PROV10066,H001,2026-03-04,SCHEDULED,16:08:00,,,0,0,2026-06-22 11:56:04
APT100324,P3027,PROV10420,H001,2026-01-01,CANCELLED,15:40:00,17:40:00,120,1,0,2026-06-22 11:56:04
APT100325,P2877,PROV10146,H003,2026-03-22,RESCHEDULED,12:07:00,,,0,0,2026-06-22 11:56:04
APT100326,P4161,PROV10381,H004,2026-01-30,SCHEDULED,16:05:00,,,0,0,2026-06-22 11:56:04
APT100327,P6837,PROV10201,H004,2026-06-05,NO_SHOW,13:20:00,14:50:00,90,0,1,2026-06-22 11:56:04
APT100328,P2419,PROV10466,H003,2026-03-20,COMPLETED,10:07:00,10:09:00,2,0,0,2026-06-22 11:56:04
APT100329,P3751,PROV10133,H003,2026-02-01,RESCHEDULED,15:05:00,,,0,0,2026-06-22 11:56:04
APT100330,P3567,PROV10364,H004,2026-06-03,CANCELLED,12:32:00,14:17:00,105,1,0,2026-06-22 11:56:04
APT100331,P6113,PROV10241,H004,2026-01-03,RESCHEDULED,16:24:00,,,0,0,2026-06-22 11:56:04
APT100332,P6404,PROV10392,H005,2026-01-26,NO_SHOW,16:55:00,17:41:00,46,0,1,2026-06-22 11:56:04
APT100333,P6715,PROV10071,H002,2026-02-03,RESCHEDULED,17:49:00,,,0,0,2026-06-22 11:56:04
APT100334,P2736,PROV10237,H003,2026-03-14,RESCHEDULED,16:13:00,,,0,0,2026-06-22 11:56:04
APT100335,P4710,PROV10127,H003,2026-04-08,CANCELLED,14:27:00,15:35:00,68,1,0,2026-06-22 11:56:04
APT100336,P2251,PROV10395,H001,2026-01-14,CANCELLED,15:39:00,16:45:00,66,1,0,2026-06-22 11:56:04
APT100337,P4547,PROV10445,H005,2026-02-16,CANCELLED,11:24:00,12:23:00,59,1,0,2026-06-22 11:56:04
APT100338,P6643,PROV10304,H003,2026-06-07,CANCELLED,09:59:00,10:10:00,11,1,0,2026-06-22 11:56:04
APT100339,P6440,PROV10234,H003,2026-05-09,RESCHEDULED,15:21:00,,,0,0,2026-06-22 11:56:04
APT100340,P4719,PROV10388,H005,2026-06-13,NO_SHOW,11:20:00,12:03:00,43,0,1,2026-06-22 11:56:04
APT100341,P2588,PROV10159,H005,2026-04-01,SCHEDULED,12:31:00,,,0,0,2026-06-22 11:56:04
APT100342,P4389,PROV10338,H004,2026-06-21,SCHEDULED,12:04:00,,,0,0,2026-06-22 11:56:04
APT100343,P5283,PROV10399,H002,2026-02-21,SCHEDULED,15:05:00,,,0,0,2026-06-22 11:56:04
APT100344,P5857,PROV10449,H003,2026-05-31,RESCHEDULED,11:29:00,,,0,0,2026-06-22 11:56:04
APT100345,P3718,PROV10126,H005,2026-06-26,NO_SHOW,09:23:00,09:52:00,29,0,1,2026-06-22 11:56:04
APT100346,P6822,PROV10086,H001,2026-02-02,COMPLETED,11:11:00,12:04:00,53,0,0,2026-06-22 11:56:04
APT100347,P2674,PROV10089,H003,2026-03-21,COMPLETED,08:45:00,10:15:00,90,0,0,2026-06-22 11:56:04
APT100348,P4361,PROV10446,H002,2026-06-21,RESCHEDULED,16:35:00,,,0,0,2026-06-22 11:56:04
APT100349,P3059,PROV10019,H005,2026-05-26,NO_SHOW,13:46:00,14:15:00,29,0,1,2026-06-22 11:56:04
APT100350,P6957,PROV10287,H001,2026-01-27,NO_SHOW,17:57:00,19:47:00,110,0,1,2026-06-22 11:56:04
APT100351,P3569,PROV10122,H001,2026-06-04,CANCELLED,13:56:00,14:06:00,10,1,0,2026-06-22 11:56:04
APT100352,P6880,PROV10044,H004,2026-05-28,NO_SHOW,12:36:00,12:46:00,10,0,1,2026-06-22 11:56:04
APT100353,P5723,PROV10309,H001,2026-03-20,CANCELLED,14:02:00,14:31:00,29,1,0,2026-06-22 11:56:04
APT100354,P6462,PROV10145,H004,2026-06-22,RESCHEDULED,16:41:00,,,0,0,2026-06-22 11:56:04
APT100355,P5897,PROV10213,H005,2026-01-10,SCHEDULED,10:02:00,,,0,0,2026-06-22 11:56:04
APT100356,P4564,PROV10228,H002,2026-01-05,COMPLETED,12:46:00,13:12:00,26,0,0,2026-06-22 11:56:04
APT100357,P2949,PROV10450,H004,2026-02-05,COMPLETED,11:32:00,13:04:00,92,0,0,2026-06-22 11:56:04
APT100358,P6525,PROV10123,H004,2026-04-25,NO_SHOW,08:41:00,10:03:00,82,0,1,2026-06-22 11:56:04
APT100359,P3599,PROV10313,H002,2026-05-05,RESCHEDULED,15:35:00,,,0,0,2026-06-22 11:56:04
APT100360,P5120,PROV10138,H001,2026-05-23,SCHEDULED,17:00:00,,,0,0,2026-06-22 11:56:04
APT100361,P4530,PROV10184,H005,2026-06-24,SCHEDULED,09:23:00,,,0,0,2026-06-22 11:56:04
APT100362,P3294,PROV10298,H005,2026-02-18,RESCHEDULED,11:28:00,,,0,0,2026-06-22 11:56:04
APT100363,P2541,PROV10235,H004,2026-01-01,COMPLETED,10:24:00,11:39:00,75,0,0,2026-06-22 11:56:04
APT100364,P3198,PROV10464,H003,2026-06-19,SCHEDULED,08:46:00,,,0,0,2026-06-22 11:56:04
APT100365,P5389,PROV10403,H003,2026-01-21,CANCELLED,14:02:00,15:28:00,86,1,0,2026-06-22 11:56:04
APT100366,P4650,PROV10337,H004,2026-06-06,SCHEDULED,15:32:00,,,0,0,2026-06-22 11:56:04
APT100367,P5337,PROV10186,H002,2026-03-19,NO_SHOW,09:32:00,09:47:00,15,0,1,2026-06-22 11:56:04
APT100368,P4278,PROV10124,H003,2026-03-23,RESCHEDULED,10:53:00,,,0,0,2026-06-22 11:56:04
APT100369,P5590,PROV10479,H002,2026-02-16,COMPLETED,14:12:00,14:44:00,32,0,0,2026-06-22 11:56:04
APT100370,P4322,PROV10282,H004,2026-03-22,RESCHEDULED,13:31:00,,,0,0,2026-06-22 11:56:04
APT100371,P2411,PROV10171,H002,2026-03-27,CANCELLED,16:24:00,16:46:00,22,1,0,2026-06-22 11:56:04
APT100372,P6883,PROV10450,H001,2026-02-16,NO_SHOW,08:35:00,09:00:00,25,0,1,2026-06-22 11:56:04
APT100373,P5921,PROV10154,H005,2026-05-03,RESCHEDULED,13:02:00,,,0,0,2026-06-22 11:56:04
APT100374,P4898,PROV10292,H005,2026-02-28,RESCHEDULED,11:14:00,,,0,0,2026-06-22 11:56:04
APT100375,P4224,PROV10341,H002,2026-01-22,COMPLETED,12:21:00,12:40:00,19,0,0,2026-06-22 11:56:04
APT100376,P6734,PROV10275,H004,2026-04-03,NO_SHOW,12:51:00,14:49:00,118,0,1,2026-06-22 11:56:04
APT100377,P3278,PROV10018,H005,2026-06-11,COMPLETED,09:38:00,10:27:00,49,0,0,2026-06-22 11:56:04
APT100378,P6433,PROV10214,H002,2026-03-14,NO_SHOW,10:39:00,12:32:00,113,0,1,2026-06-22 11:56:04
APT100379,P3072,PROV10198,H003,2026-04-14,CANCELLED,17:21:00,18:45:00,84,1,0,2026-06-22 11:56:04
APT100380,P6542,PROV10107,H001,2026-03-17,SCHEDULED,16:44:00,,,0,0,2026-06-22 11:56:04
APT100381,P3713,PROV10145,H002,2026-02-18,CANCELLED,17:54:00,18:31:00,37,1,0,2026-06-22 11:56:04
APT100382,P4459,PROV10331,H001,2026-01-23,RESCHEDULED,17:03:00,,,0,0,2026-06-22 11:56:04
APT100383,P2639,PROV10014,H005,2026-04-06,COMPLETED,16:04:00,16:44:00,40,0,0,2026-06-22 11:56:04
APT100384,P6015,PROV10189,H002,2026-05-08,SCHEDULED,10:04:00,,,0,0,2026-06-22 11:56:04
APT100385,P2417,PROV10033,H004,2026-03-18,SCHEDULED,17:55:00,,,0,0,2026-06-22 11:56:04
APT100386,P6437,PROV10410,H004,2026-03-16,NO_SHOW,09:08:00,09:13:00,5,0,1,2026-06-22 11:56:04
APT100387,P2418,PROV10146,H005,2026-05-24,CANCELLED,15:17:00,17:08:00,111,1,0,2026-06-22 11:56:04
APT100388,P3008,PROV10411,H001,2026-04-15,COMPLETED,14:24:00,15:06:00,42,0,0,2026-06-22 11:56:04
APT100389,P3418,PROV10017,H002,2026-06-22,RESCHEDULED,10:17:00,,,0,0,2026-06-22 11:56:04
APT100390,P2904,PROV10428,H005,2026-04-20,CANCELLED,14:01:00,15:42:00,101,1,0,2026-06-22 11:56:04
APT100391,P2953,PROV10067,H004,2026-01-29,CANCELLED,14:10:00,16:06:00,116,1,0,2026-06-22 11:56:04
APT100392,P2657,PROV10159,H003,2026-05-29,CANCELLED,10:12:00,12:04:00,112,1,0,2026-06-22 11:56:04
APT100393,P6872,PROV10288,H003,2026-01-04,CANCELLED,11:03:00,12:53:00,110,1,0,2026-06-22 11:56:04
APT100394,P4022,PROV10178,H004,2026-02-12,RESCHEDULED,09:47:00,,,0,0,2026-06-22 11:56:04
APT100395,P2685,PROV10379,H004,2026-05-04,NO_SHOW,13:01:00,14:08:00,67,0,1,2026-06-22 11:56:04
APT100396,P2020,PROV10461,H002,2026-03-04,COMPLETED,11:24:00,12:20:00,56,0,0,2026-06-22 11:56:04
APT100397,P5996,PROV10425,H003,2026-03-22,RESCHEDULED,14:16:00,,,0,0,2026-06-22 11:56:04
APT100398,P2406,PROV10151,H004,2026-06-07,RESCHEDULED,13:22:00,,,0,0,2026-06-22 11:56:04
APT100399,P5536,PROV10012,H003,2026-06-27,RESCHEDULED,09:54:00,,,0,0,2026-06-22 11:56:04
APT100400,P2033,PROV10402,H005,2026-01-06,NO_SHOW,16:56:00,17:27:00,31,0,1,2026-06-22 11:56:04
APT100401,P4038,PROV10439,H005,2026-04-30,RESCHEDULED,16:44:00,,,0,0,2026-06-22 11:56:04
APT100402,P6963,PROV10263,H004,2026-05-24,NO_SHOW,11:58:00,12:32:00,34,0,1,2026-06-22 11:56:04
APT100403,P2436,PROV10257,H003,2026-05-20,RESCHEDULED,08:09:00,,,0,0,2026-06-22 11:56:04
APT100404,P2028,PROV10307,H003,2026-03-02,SCHEDULED,13:04:00,,,0,0,2026-06-22 11:56:04
APT100405,P4912,PROV10319,H003,2026-01-30,NO_SHOW,11:43:00,12:11:00,28,0,1,2026-06-22 11:56:04
APT100406,P3154,PROV10235,H005,2026-06-24,RESCHEDULED,11:46:00,,,0,0,2026-06-22 11:56:04
APT100407,P4315,PROV10117,H001,2026-01-29,COMPLETED,14:25:00,15:53:00,88,0,0,2026-06-22 11:56:04
APT100408,P3096,PROV10353,H002,2026-01-21,RESCHEDULED,10:54:00,,,0,0,2026-06-22 11:56:04
APT100409,P6946,PROV10227,H003,2026-06-10,RESCHEDULED,13:32:00,,,0,0,2026-06-22 11:56:04
APT100410,P3333,PROV10067,H005,2026-06-19,NO_SHOW,12:30:00,12:46:00,16,0,1,2026-06-22 11:56:04
APT100411,P2461,PROV10019,H004,2026-06-13,RESCHEDULED,09:55:00,,,0,0,2026-06-22 11:56:04
APT100412,P3292,PROV10126,H002,2026-04-19,CANCELLED,11:33:00,13:28:00,115,1,0,2026-06-22 11:56:04
APT100413,P2976,PROV10219,H005,2026-06-18,SCHEDULED,09:49:00,,,0,0,2026-06-22 11:56:04
APT100414,P6556,PROV10327,H005,2026-05-17,SCHEDULED,15:55:00,,,0,0,2026-06-22 11:56:04
APT100415,P4257,PROV10040,H005,2026-03-03,SCHEDULED,16:42:00,,,0,0,2026-06-22 11:56:04
APT100416,P4675,PROV10304,H003,2026-03-02,NO_SHOW,13:07:00,13:15:00,8,0,1,2026-06-22 11:56:04
APT100417,P4964,PROV10399,H002,2026-02-24,COMPLETED,10:50:00,12:19:00,89,0,0,2026-06-22 11:56:04
APT100418,P5000,PROV10240,H001,2026-02-28,SCHEDULED,11:31:00,,,0,0,2026-06-22 11:56:04
APT100419,P5970,PROV10277,H002,2026-01-27,NO_SHOW,10:08:00,11:10:00,62,0,1,2026-06-22 11:56:04
APT100420,P2431,PROV10016,H002,2026-03-25,SCHEDULED,13:47:00,,,0,0,2026-06-22 11:56:04
APT100421,P2826,PROV10158,H003,2026-05-20,SCHEDULED,12:30:00,,,0,0,2026-06-22 11:56:04
APT100422,P4677,PROV10354,H003,2026-03-07,RESCHEDULED,14:53:00,,,0,0,2026-06-22 11:56:04
APT100423,P2544,PROV10404,H001,2026-04-19,CANCELLED,09:59:00,11:28:00,89,1,0,2026-06-22 11:56:04
APT100424,P3944,PROV10044,H004,2026-06-08,NO_SHOW,14:50:00,15:15:00,25,0,1,2026-06-22 11:56:04
APT100425,P5432,PROV10500,H003,2026-05-01,COMPLETED,15:48:00,15:51:00,3,0,0,2026-06-22 11:56:04
APT100426,P5354,PROV10432,H003,2026-06-23,CANCELLED,09:27:00,10:51:00,84,1,0,2026-06-22 11:56:04
APT100427,P3960,PROV10334,H003,2026-06-19,COMPLETED,12:07:00,14:03:00,116,0,0,2026-06-22 11:56:04
APT100428,P6628,PROV10123,H005,2026-04-09,COMPLETED,14:33:00,15:26:00,53,0,0,2026-06-22 11:56:04
APT100429,P6938,PROV10044,H001,2026-05-13,CANCELLED,12:18:00,12:52:00,34,1,0,2026-06-22 11:56:04
APT100430,P4935,PROV10266,H001,2026-06-14,NO_SHOW,09:36:00,10:54:00,78,0,1,2026-06-22 11:56:04
APT100431,P2874,PROV10275,H002,2026-05-22,NO_SHOW,11:34:00,12:36:00,62,0,1,2026-06-22 11:56:04
APT100432,P5224,PROV10028,H004,2026-01-01,NO_SHOW,17:11:00,18:35:00,84,0,1,2026-06-22 11:56:04
APT100433,P3103,PROV10233,H001,2026-01-11,COMPLETED,15:05:00,16:41:00,96,0,0,2026-06-22 11:56:04
APT100434,P2994,PROV10430,H001,2026-04-24,COMPLETED,13:15:00,13:41:00,26,0,0,2026-06-22 11:56:04
APT100435,P2839,PROV10078,H002,2026-01-14,NO_SHOW,17:05:00,17:10:00,5,0,1,2026-06-22 11:56:04
APT100436,P6175,PROV10318,H005,2026-04-21,NO_SHOW,12:07:00,13:57:00,110,0,1,2026-06-22 11:56:04
APT100437,P6586,PROV10481,H005,2026-03-07,CANCELLED,16:27:00,17:35:00,68,1,0,2026-06-22 11:56:04
APT100438,P2736,PROV10123,H002,2026-05-12,RESCHEDULED,10:03:00,,,0,0,2026-06-22 11:56:04
APT100439,P2381,PROV10046,H003,2026-03-05,COMPLETED,14:51:00,14:52:00,1,0,0,2026-06-22 11:56:04
APT100440,P5159,PROV10114,H005,2026-03-01,NO_SHOW,08:45:00,10:08:00,83,0,1,2026-06-22 11:56:04
APT100441,P5644,PROV10021,H003,2026-01-01,COMPLETED,13:25:00,14:07:00,42,0,0,2026-06-22 11:56:04
APT100442,P4745,PROV10159,H003,2026-01-27,SCHEDULED,11:43:00,,,0,0,2026-06-22 11:56:04
APT100443,P6775,PROV10234,H003,2026-05-26,COMPLETED,10:02:00,10:07:00,5,0,0,2026-06-22 11:56:04
APT100444,P5033,PROV10106,H001,2026-05-02,CANCELLED,16:17:00,17:08:00,51,1,0,2026-06-22 11:56:04
APT100445,P6921,PROV10113,H003,2026-02-10,CANCELLED,10:26:00,11:33:00,67,1,0,2026-06-22 11:56:04
APT100446,P5973,PROV10158,H005,2026-03-27,COMPLETED,12:24:00,12:46:00,22,0,0,2026-06-22 11:56:04
APT100447,P2965,PROV10389,H003,2026-05-11,SCHEDULED,17:33:00,,,0,0,2026-06-22 11:56:04
APT100448,P3810,PROV10227,H004,2026-06-16,COMPLETED,08:31:00,09:33:00,62,0,0,2026-06-22 11:56:04
APT100449,P6713,PROV10247,H005,2026-05-10,SCHEDULED,10:34:00,,,0,0,2026-06-22 11:56:04
APT100450,P5271,PROV10257,H003,2026-06-10,NO_SHOW,12:40:00,12:52:00,12,0,1,2026-06-22 11:56:04
APT100451,P3763,PROV10160,H005,2026-03-27,SCHEDULED,12:33:00,,,0,0,2026-06-22 11:56:04
APT100452,P6135,PROV10378,H001,2026-03-30,SCHEDULED,09:57:00,,,0,0,2026-06-22 11:56:04
APT100453,P4144,PROV10119,H005,2026-05-07,NO_SHOW,09:36:00,11:16:00,100,0,1,2026-06-22 11:56:04
APT100454,P3867,PROV10086,H003,2026-05-28,CANCELLED,12:53:00,14:43:00,110,1,0,2026-06-22 11:56:04
APT100455,P5266,PROV10334,H002,2026-04-14,CANCELLED,10:19:00,11:30:00,71,1,0,2026-06-22 11:56:04
APT100456,P6807,PROV10275,H002,2026-04-01,CANCELLED,12:43:00,12:57:00,14,1,0,2026-06-22 11:56:04
APT100457,P4710,PROV10130,H001,2026-06-15,RESCHEDULED,14:05:00,,,0,0,2026-06-22 11:56:04
APT100458,P6488,PROV10191,H001,2026-02-10,COMPLETED,08:45:00,09:33:00,48,0,0,2026-06-22 11:56:04
APT100459,P4530,PROV10078,H004,2026-02-27,SCHEDULED,16:33:00,,,0,0,2026-06-22 11:56:04
APT100460,P6817,PROV10064,H003,2026-01-31,RESCHEDULED,08:35:00,,,0,0,2026-06-22 11:56:04
APT100461,P5027,PROV10390,H005,2026-05-21,SCHEDULED,17:59:00,,,0,0,2026-06-22 11:56:04
APT100462,P5466,PROV10090,H002,2026-03-10,RESCHEDULED,13:20:00,,,0,0,2026-06-22 11:56:04
APT100463,P5966,PROV10425,H005,2026-01-26,SCHEDULED,17:18:00,,,0,0,2026-06-22 11:56:04
APT100464,P5975,PROV10234,H003,2026-04-22,RESCHEDULED,15:40:00,,,0,0,2026-06-22 11:56:04
APT100465,P3802,PROV10330,H003,2026-06-10,SCHEDULED,10:44:00,,,0,0,2026-06-22 11:56:04
APT100466,P5626,PROV10466,H001,2026-05-23,RESCHEDULED,10:51:00,,,0,0,2026-06-22 11:56:04
APT100467,P4539,PROV10330,H001,2026-03-19,RESCHEDULED,13:27:00,,,0,0,2026-06-22 11:56:04
APT100468,P5660,PROV10400,H003,2026-02-12,SCHEDULED,13:16:00,,,0,0,2026-06-22 11:56:04
APT100469,P3081,PROV10119,H005,2026-03-09,SCHEDULED,09:50:00,,,0,0,2026-06-22 11:56:04
APT100470,P3674,PROV10182,H005,2026-04-08,CANCELLED,11:49:00,12:18:00,29,1,0,2026-06-22 11:56:04
APT100471,P5510,PROV10156,H005,2026-03-03,CANCELLED,17:40:00,17:55:00,15,1,0,2026-06-22 11:56:04
APT100472,P4539,PROV10209,H004,2026-04-14,RESCHEDULED,14:25:00,,,0,0,2026-06-22 11:56:04
APT100473,P4642,PROV10243,H003,2026-05-29,SCHEDULED,12:08:00,,,0,0,2026-06-22 11:56:04
APT100474,P5664,PROV10064,H001,2026-06-06,CANCELLED,11:31:00,13:29:00,118,1,0,2026-06-22 11:56:04
APT100475,P5581,PROV10022,H005,2026-03-15,RESCHEDULED,17:20:00,,,0,0,2026-06-22 11:56:04
APT100476,P5247,PROV10317,H001,2026-03-30,NO_SHOW,09:25:00,10:33:00,68,0,1,2026-06-22 11:56:04
APT100477,P6251,PROV10319,H003,2026-05-29,RESCHEDULED,08:34:00,,,0,0,2026-06-22 11:56:04
APT100478,P2008,PROV10315,H003,2026-02-10,NO_SHOW,08:52:00,08:52:00,0,0,1,2026-06-22 11:56:04
APT100479,P2268,PROV10350,H003,2026-05-21,CANCELLED,17:31:00,19:29:00,118,1,0,2026-06-22 11:56:04
APT100480,P2947,PROV10269,H002,2026-04-18,SCHEDULED,11:38:00,,,0,0,2026-06-22 11:56:04
APT100481,P4028,PROV10106,H003,2026-05-22,RESCHEDULED,17:06:00,,,0,0,2026-06-22 11:56:04
APT100482,P6648,PROV10463,H004,2026-01-15,CANCELLED,11:32:00,12:08:00,36,1,0,2026-06-22 11:56:04
APT100483,P5550,PROV10304,H002,2026-02-06,RESCHEDULED,10:55:00,,,0,0,2026-06-22 11:56:04
APT100484,P6849,PROV10496,H003,2026-04-17,CANCELLED,10:44:00,12:19:00,95,1,0,2026-06-22 11:56:04
APT100485,P4570,PROV10086,H001,2026-01-14,CANCELLED,08:39:00,09:49:00,70,1,0,2026-06-22 11:56:04
APT100486,P6753,PROV10422,H001,2026-01-07,CANCELLED,15:31:00,17:11:00,100,1,0,2026-06-22 11:56:04
APT100487,P4401,PROV10441,H002,2026-06-27,RESCHEDULED,09:49:00,,,0,0,2026-06-22 11:56:04
APT100488,P5329,PROV10333,H001,2026-03-01,NO_SHOW,13:12:00,14:19:00,67,0,1,2026-06-22 11:56:04
APT100489,P4701,PROV10364,H001,2026-04-08,NO_SHOW,12:13:00,14:11:00,118,0,1,2026-06-22 11:56:04
APT100490,P6398,PROV10300,H005,2026-06-08,SCHEDULED,12:59:00,,,0,0,2026-06-22 11:56:04
APT100491,P2308,PROV10295,H004,2026-01-01,COMPLETED,10:57:00,12:42:00,105,0,0,2026-06-22 11:56:04
APT100492,P3422,PROV10282,H001,2026-04-29,CANCELLED,11:42:00,12:38:00,56,1,0,2026-06-22 11:56:04
APT100493,P4682,PROV10058,H001,2026-03-26,RESCHEDULED,15:17:00,,,0,0,2026-06-22 11:56:04
APT100494,P6872,PROV10158,H004,2026-03-17,SCHEDULED,16:01:00,,,0,0,2026-06-22 11:56:04
APT100495,P3372,PROV10040,H003,2026-05-03,NO_SHOW,13:31:00,15:11:00,100,0,1,2026-06-22 11:56:04
APT100496,P5833,PROV10374,H004,2026-03-19,CANCELLED,09:38:00,10:24:00,46,1,0,2026-06-22 11:56:04
APT100497,P3063,PROV10038,H004,2026-06-06,COMPLETED,10:53:00,11:17:00,24,0,0,2026-06-22 11:56:04
APT100498,P6118,PROV10415,H005,2026-01-22,NO_SHOW,16:42:00,18:02:00,80,0,1,2026-06-22 11:56:04
APT100499,P3088,PROV10415,H001,2026-04-08,CANCELLED,14:05:00,15:27:00,82,1,0,2026-06-22 11:56:04
APT100500,P4737,PROV10064,H002,2026-06-06,RESCHEDULED,10:36:00,,,0,0,2026-06-22 11:56:04
APT100501,P4024,PROV10079,H003,2026-03-18,COMPLETED,09:30:00,09:50:00,20,0,0,2026-06-22 11:56:04
APT100502,P6122,PROV10243,H002,2026-06-14,COMPLETED,16:18:00,17:08:00,50,0,0,2026-06-22 11:56:04
APT100503,P5311,PROV10303,H005,2026-05-10,RESCHEDULED,14:54:00,,,0,0,2026-06-22 11:56:04
APT100504,P3796,PROV10066,H001,2026-05-04,COMPLETED,09:21:00,10:30:00,69,0,0,2026-06-22 11:56:04
APT100505,P6102,PROV10241,H005,2026-02-04,COMPLETED,15:21:00,16:06:00,45,0,0,2026-06-22 11:56:04
APT100506,P4889,PROV10269,H005,2026-02-21,CANCELLED,10:56:00,12:24:00,88,1,0,2026-06-22 11:56:04
APT100507,P2314,PROV10475,H004,2026-01-16,NO_SHOW,12:19:00,12:51:00,32,0,1,2026-06-22 11:56:04
APT100508,P3288,PROV10390,H004,2026-03-16,NO_SHOW,12:37:00,13:00:00,23,0,1,2026-06-22 11:56:04
APT100509,P3512,PROV10196,H005,2026-05-16,NO_SHOW,08:03:00,09:15:00,72,0,1,2026-06-22 11:56:04
APT100510,P5684,PROV10298,H003,2026-02-23,NO_SHOW,15:32:00,17:25:00,113,0,1,2026-06-22 11:56:04
APT100511,P6052,PROV10399,H002,2026-04-25,SCHEDULED,14:21:00,,,0,0,2026-06-22 11:56:04
APT100512,P2410,PROV10346,H004,2026-01-09,RESCHEDULED,08:11:00,,,0,0,2026-06-22 11:56:04
APT100513,P3405,PROV10023,H003,2026-03-18,SCHEDULED,08:19:00,,,0,0,2026-06-22 11:56:04
APT100514,P5554,PROV10230,H004,2026-05-28,NO_SHOW,10:38:00,11:59:00,81,0,1,2026-06-22 11:56:04
APT100515,P4604,PROV10013,H002,2026-06-05,SCHEDULED,14:11:00,,,0,0,2026-06-22 11:56:04
APT100516,P4895,PROV10234,H004,2026-02-26,CANCELLED,15:02:00,16:13:00,71,1,0,2026-06-22 11:56:04
APT100517,P3079,PROV10216,H005,2026-05-06,COMPLETED,12:56:00,14:07:00,71,0,0,2026-06-22 11:56:04
APT100518,P6387,PROV10446,H002,2026-04-23,RESCHEDULED,16:41:00,,,0,0,2026-06-22 11:56:04
APT100519,P6370,PROV10423,H002,2026-03-22,NO_SHOW,13:03:00,13:28:00,25,0,1,2026-06-22 11:56:04
APT100520,P3572,PROV10496,H005,2026-03-27,CANCELLED,09:24:00,10:49:00,85,1,0,2026-06-22 11:56:04
APT100521,P6849,PROV10402,H001,2026-03-10,SCHEDULED,16:36:00,,,0,0,2026-06-22 11:56:04
APT100522,P2060,PROV10222,H004,2026-01-20,CANCELLED,17:25:00,17:42:00,17,1,0,2026-06-22 11:56:04
APT100523,P3558,PROV10302,H002,2026-01-26,COMPLETED,09:06:00,10:29:00,83,0,0,2026-06-22 11:56:04
APT100524,P3722,PROV10238,H002,2026-02-24,COMPLETED,14:16:00,14:50:00,34,0,0,2026-06-22 11:56:04
APT100525,P5157,PROV10152,H003,2026-04-03,RESCHEDULED,08:18:00,,,0,0,2026-06-22 11:56:04
APT100526,P6368,PROV10243,H001,2026-03-23,COMPLETED,15:54:00,16:48:00,54,0,0,2026-06-22 11:56:04
APT100527,P6434,PROV10330,H004,2026-06-14,CANCELLED,09:49:00,10:15:00,26,1,0,2026-06-22 11:56:04
APT100528,P6047,PROV10068,H002,2026-01-12,COMPLETED,13:34:00,13:56:00,22,0,0,2026-06-22 11:56:04
APT100529,P3033,PROV10416,H004,2026-02-10,RESCHEDULED,14:03:00,,,0,0,2026-06-22 11:56:04
APT100530,P2413,PROV10302,H002,2026-02-11,SCHEDULED,12:10:00,,,0,0,2026-06-22 11:56:04
APT100531,P3272,PROV10439,H002,2026-05-05,CANCELLED,13:22:00,14:25:00,63,1,0,2026-06-22 11:56:04
APT100532,P3516,PROV10413,H005,2026-03-27,CANCELLED,08:31:00,09:25:00,54,1,0,2026-06-22 11:56:04
APT100533,P5772,PROV10172,H004,2026-02-23,COMPLETED,14:48:00,15:27:00,39,0,0,2026-06-22 11:56:04
APT100534,P5050,PROV10413,H001,2026-04-12,SCHEDULED,10:12:00,,,0,0,2026-06-22 11:56:04
APT100535,P2226,PROV10184,H003,2026-03-15,SCHEDULED,14:04:00,,,0,0,2026-06-22 11:56:04
APT100536,P3652,PROV10435,H005,2026-03-21,CANCELLED,09:56:00,11:23:00,87,1,0,2026-06-22 11:56:04
APT100537,P4706,PROV10283,H005,2026-03-08,SCHEDULED,08:31:00,,,0,0,2026-06-22 11:56:04
APT100538,P4664,PROV10407,H005,2026-03-04,RESCHEDULED,14:05:00,,,0,0,2026-06-22 11:56:04
APT100539,P2620,PROV10248,H001,2026-03-21,SCHEDULED,09:03:00,,,0,0,2026-06-22 11:56:04
APT100540,P5604,PROV10143,H003,2026-01-18,SCHEDULED,08:25:00,,,0,0,2026-06-22 11:56:04
APT100541,P6372,PROV10123,H004,2026-03-22,CANCELLED,12:46:00,12:53:00,7,1,0,2026-06-22 11:56:04
APT100542,P4130,PROV10102,H005,2026-01-28,CANCELLED,12:32:00,12:57:00,25,1,0,2026-06-22 11:56:04
APT100543,P6309,PROV10442,H004,2026-03-25,RESCHEDULED,09:28:00,,,0,0,2026-06-22 11:56:04
APT100544,P3841,PROV10413,H004,2026-04-28,CANCELLED,14:22:00,14:51:00,29,1,0,2026-06-22 11:56:04
APT100545,P2648,PROV10350,H001,2026-04-04,CANCELLED,15:38:00,17:06:00,88,1,0,2026-06-22 11:56:04
APT100546,P6306,PROV10044,H003,2026-06-30,SCHEDULED,15:31:00,,,0,0,2026-06-22 11:56:04
APT100547,P4049,PROV10219,H003,2026-03-20,SCHEDULED,08:24:00,,,0,0,2026-06-22 11:56:04
APT100548,P3192,PROV10382,H005,2026-06-12,SCHEDULED,17:39:00,,,0,0,2026-06-22 11:56:04
APT100549,P6907,PROV10485,H005,2026-05-01,SCHEDULED,15:08:00,,,0,0,2026-06-22 11:56:04
APT100550,P3315,PROV10193,H004,2026-02-24,SCHEDULED,11:49:00,,,0,0,2026-06-22 11:56:04
APT100551,P2714,PROV10068,H005,2026-04-23,CANCELLED,09:31:00,11:31:00,120,1,0,2026-06-22 11:56:04
APT100552,P6606,PROV10124,H001,2026-01-10,RESCHEDULED,16:41:00,,,0,0,2026-06-22 11:56:04
APT100553,P3752,PROV10183,H004,2026-04-06,COMPLETED,13:53:00,14:25:00,32,0,0,2026-06-22 11:56:04
APT100554,P5119,PROV10267,H004,2026-05-03,RESCHEDULED,16:50:00,,,0,0,2026-06-22 11:56:04
APT100555,P5189,PROV10432,H003,2026-04-30,CANCELLED,10:38:00,10:38:00,0,1,0,2026-06-22 11:56:04
APT100556,P3052,PROV10312,H004,2026-03-23,RESCHEDULED,15:40:00,,,0,0,2026-06-22 11:56:04
APT100557,P6090,PROV10127,H005,2026-05-19,RESCHEDULED,16:37:00,,,0,0,2026-06-22 11:56:04
APT100558,P2698,PROV10330,H004,2026-01-24,SCHEDULED,14:04:00,,,0,0,2026-06-22 11:56:04
APT100559,P3352,PROV10202,H002,2026-01-25,NO_SHOW,15:20:00,15:43:00,23,0,1,2026-06-22 11:56:04
APT100560,P4343,PROV10093,H003,2026-06-19,RESCHEDULED,12:21:00,,,0,0,2026-06-22 11:56:04
APT100561,P4887,PROV10072,H001,2026-03-17,SCHEDULED,09:14:00,,,0,0,2026-06-22 11:56:04
APT100562,P4976,PROV10120,H001,2026-05-23,COMPLETED,08:43:00,10:19:00,96,0,0,2026-06-22 11:56:04
APT100563,P4460,PROV10121,H002,2026-02-24,SCHEDULED,13:18:00,,,0,0,2026-06-22 11:56:04
APT100564,P5155,PROV10018,H004,2026-04-14,CANCELLED,09:19:00,10:54:00,95,1,0,2026-06-22 11:56:04
APT100565,P5604,PROV10446,H002,2026-03-02,SCHEDULED,14:19:00,,,0,0,2026-06-22 11:56:04
APT100566,P2448,PROV10195,H005,2026-04-07,RESCHEDULED,10:28:00,,,0,0,2026-06-22 11:56:04
APT100567,P6488,PROV10331,H002,2026-04-01,SCHEDULED,17:16:00,,,0,0,2026-06-22 11:56:04
APT100568,P4021,PROV10474,H002,2026-03-18,COMPLETED,10:06:00,11:08:00,62,0,0,2026-06-22 11:56:04
APT100569,P5239,PROV10051,H001,2026-06-18,SCHEDULED,11:33:00,,,0,0,2026-06-22 11:56:04
APT100570,P6284,PROV10090,H003,2026-06-22,RESCHEDULED,17:08:00,,,0,0,2026-06-22 11:56:04
APT100571,P5553,PROV10202,H001,2026-01-27,SCHEDULED,17:21:00,,,0,0,2026-06-22 11:56:04
APT100572,P2312,PROV10199,H004,2026-03-28,CANCELLED,16:40:00,17:49:00,69,1,0,2026-06-22 11:56:04
APT100573,P6647,PROV10404,H005,2026-03-31,CANCELLED,12:50:00,13:29:00,39,1,0,2026-06-22 11:56:04
APT100574,P5136,PROV10223,H001,2026-04-12,NO_SHOW,10:45:00,12:26:00,101,0,1,2026-06-22 11:56:04
APT100575,P2783,PROV10273,H002,2026-06-14,SCHEDULED,08:40:00,,,0,0,2026-06-22 11:56:04
APT100576,P3824,PROV10208,H001,2026-01-10,COMPLETED,13:07:00,13:36:00,29,0,0,2026-06-22 11:56:04
APT100577,P3204,PROV10250,H001,2026-01-29,NO_SHOW,08:41:00,10:25:00,104,0,1,2026-06-22 11:56:04
APT100578,P5816,PROV10450,H002,2026-04-10,NO_SHOW,17:48:00,19:31:00,103,0,1,2026-06-22 11:56:04
APT100579,P5040,PROV10118,H001,2026-03-17,COMPLETED,14:20:00,15:19:00,59,0,0,2026-06-22 11:56:04
APT100580,P5086,PROV10108,H002,2026-04-08,SCHEDULED,10:48:00,,,0,0,2026-06-22 11:56:04
APT100581,P6151,PROV10067,H004,2026-01-05,SCHEDULED,08:57:00,,,0,0,2026-06-22 11:56:04
APT100582,P5267,PROV10473,H004,2026-06-09,RESCHEDULED,13:59:00,,,0,0,2026-06-22 11:56:04
APT100583,P6608,PROV10114,H005,2026-05-05,RESCHEDULED,10:40:00,,,0,0,2026-06-22 11:56:04
APT100584,P6048,PROV10423,H002,2026-06-13,SCHEDULED,11:15:00,,,0,0,2026-06-22 11:56:04
APT100585,P3508,PROV10213,H003,2026-01-20,RESCHEDULED,13:33:00,,,0,0,2026-06-22 11:56:04
APT100586,P6000,PROV10094,H002,2026-03-13,RESCHEDULED,10:14:00,,,0,0,2026-06-22 11:56:04
APT100587,P3560,PROV10283,H005,2026-04-16,COMPLETED,11:41:00,13:12:00,91,0,0,2026-06-22 11:56:04
APT100588,P2556,PROV10498,H005,2026-04-19,COMPLETED,08:09:00,09:11:00,62,0,0,2026-06-22 11:56:04
APT100589,P6448,PROV10207,H001,2026-01-12,RESCHEDULED,17:18:00,,,0,0,2026-06-22 11:56:04
APT100590,P2094,PROV10364,H001,2026-01-22,COMPLETED,08:34:00,10:29:00,115,0,0,2026-06-22 11:56:04
APT100591,P6811,PROV10239,H002,2026-06-26,SCHEDULED,08:11:00,,,0,0,2026-06-22 11:56:04
APT100592,P3248,PROV10183,H003,2026-03-26,NO_SHOW,15:23:00,15:49:00,26,0,1,2026-06-22 11:56:04
APT100593,P3676,PROV10265,H003,2026-05-06,NO_SHOW,16:18:00,16:59:00,41,0,1,2026-06-22 11:56:04
APT100594,P6107,PROV10286,H003,2026-06-21,COMPLETED,16:27:00,17:55:00,88,0,0,2026-06-22 11:56:04
APT100595,P6137,PROV10182,H002,2026-06-25,NO_SHOW,11:15:00,11:28:00,13,0,1,2026-06-22 11:56:04
APT100596,P4870,PROV10088,H003,2026-02-11,CANCELLED,12:52:00,13:35:00,43,1,0,2026-06-22 11:56:04
APT100597,P4846,PROV10310,H003,2026-06-23,COMPLETED,10:15:00,10:20:00,5,0,0,2026-06-22 11:56:04
APT100598,P4187,PROV10215,H001,2026-01-23,RESCHEDULED,09:12:00,,,0,0,2026-06-22 11:56:04
APT100599,P4481,PROV10054,H001,2026-02-05,SCHEDULED,16:05:00,,,0,0,2026-06-22 11:56:04
APT100600,P4014,PROV10428,H001,2026-03-19,CANCELLED,09:06:00,10:11:00,65,1,0,2026-06-22 11:56:04
APT100601,P3609,PROV10092,H005,2026-04-12,RESCHEDULED,17:35:00,,,0,0,2026-06-22 11:56:04
APT100602,P6949,PROV10173,H002,2026-03-23,RESCHEDULED,10:01:00,,,0,0,2026-06-22 11:56:04
APT100603,P6373,PROV10172,H004,2026-04-14,RESCHEDULED,13:02:00,,,0,0,2026-06-22 11:56:04
APT100604,P6953,PROV10145,H002,2026-01-21,SCHEDULED,13:59:00,,,0,0,2026-06-22 11:56:04
APT100605,P3045,PROV10311,H002,2026-04-26,COMPLETED,10:01:00,11:10:00,69,0,0,2026-06-22 11:56:04
APT100606,P4608,PROV10374,H001,2026-06-13,NO_SHOW,14:23:00,15:01:00,38,0,1,2026-06-22 11:56:04
APT100607,P5998,PROV10443,H003,2026-02-22,COMPLETED,15:34:00,16:30:00,56,0,0,2026-06-22 11:56:04
APT100608,P3053,PROV10260,H004,2026-01-25,NO_SHOW,14:51:00,15:42:00,51,0,1,2026-06-22 11:56:04
APT100609,P2650,PROV10235,H004,2026-06-21,RESCHEDULED,16:26:00,,,0,0,2026-06-22 11:56:04
APT100610,P5868,PROV10089,H001,2026-06-22,NO_SHOW,09:33:00,10:22:00,49,0,1,2026-06-22 11:56:04
APT100611,P6858,PROV10330,H003,2026-05-01,SCHEDULED,16:38:00,,,0,0,2026-06-22 11:56:04
APT100612,P2372,PROV10056,H001,2026-03-08,NO_SHOW,14:48:00,15:07:00,19,0,1,2026-06-22 11:56:04
APT100613,P4196,PROV10379,H003,2026-05-10,SCHEDULED,14:48:00,,,0,0,2026-06-22 11:56:04
APT100614,P5425,PROV10098,H004,2026-02-17,NO_SHOW,11:17:00,11:42:00,25,0,1,2026-06-22 11:56:04
APT100615,P4366,PROV10274,H002,2026-01-24,COMPLETED,13:43:00,13:50:00,7,0,0,2026-06-22 11:56:04
APT100616,P2076,PROV10011,H003,2026-05-19,NO_SHOW,12:39:00,14:39:00,120,0,1,2026-06-22 11:56:04
APT100617,P6996,PROV10451,H002,2026-04-03,NO_SHOW,09:28:00,10:27:00,59,0,1,2026-06-22 11:56:04
APT100618,P5826,PROV10333,H004,2026-04-22,COMPLETED,13:36:00,15:25:00,109,0,0,2026-06-22 11:56:04
APT100619,P5988,PROV10324,H004,2026-04-28,CANCELLED,09:32:00,10:24:00,52,1,0,2026-06-22 11:56:04
APT100620,P4783,PROV10451,H003,2026-04-04,RESCHEDULED,17:55:00,,,0,0,2026-06-22 11:56:04
APT100621,P5029,PROV10003,H004,2026-05-29,COMPLETED,08:33:00,10:19:00,106,0,0,2026-06-22 11:56:04
APT100622,P3337,PROV10174,H003,2026-04-18,SCHEDULED,17:09:00,,,0,0,2026-06-22 11:56:04
APT100623,P4442,PROV10381,H005,2026-05-22,COMPLETED,10:49:00,12:47:00,118,0,0,2026-06-22 11:56:04
APT100624,P4198,PROV10500,H001,2026-01-06,RESCHEDULED,10:28:00,,,0,0,2026-06-22 11:56:04
APT100625,P6520,PROV10064,H005,2026-02-01,NO_SHOW,08:52:00,09:36:00,44,0,1,2026-06-22 11:56:04
APT100626,P3013,PROV10026,H004,2026-05-01,CANCELLED,09:47:00,09:48:00,1,1,0,2026-06-22 11:56:04
APT100627,P5884,PROV10094,H005,2026-01-08,COMPLETED,10:39:00,11:34:00,55,0,0,2026-06-22 11:56:04
APT100628,P5871,PROV10072,H001,2026-06-16,CANCELLED,13:58:00,14:01:00,3,1,0,2026-06-22 11:56:04
APT100629,P3706,PROV10325,H002,2026-03-27,SCHEDULED,17:33:00,,,0,0,2026-06-22 11:56:04
APT100630,P3608,PROV10007,H003,2026-06-09,COMPLETED,12:57:00,12:58:00,1,0,0,2026-06-22 11:56:04
APT100631,P4035,PROV10270,H003,2026-02-18,CANCELLED,13:25:00,15:18:00,113,1,0,2026-06-22 11:56:04
APT100632,P5389,PROV10022,H001,2026-01-09,COMPLETED,14:06:00,14:18:00,12,0,0,2026-06-22 11:56:04
APT100633,P2870,PROV10109,H001,2026-06-01,RESCHEDULED,12:02:00,,,0,0,2026-06-22 11:56:04
APT100634,P5626,PROV10247,H002,2026-04-08,SCHEDULED,09:25:00,,,0,0,2026-06-22 11:56:04
APT100635,P3670,PROV10164,H004,2026-04-26,SCHEDULED,13:22:00,,,0,0,2026-06-22 11:56:04
APT100636,P5822,PROV10023,H003,2026-03-30,COMPLETED,16:35:00,18:03:00,88,0,0,2026-06-22 11:56:04
APT100637,P2228,PROV10150,H001,2026-02-28,COMPLETED,08:26:00,10:26:00,120,0,0,2026-06-22 11:56:04
APT100638,P4046,PROV10077,H003,2026-06-15,CANCELLED,16:35:00,17:26:00,51,1,0,2026-06-22 11:56:04
APT100639,P6721,PROV10417,H005,2026-04-29,CANCELLED,10:09:00,11:48:00,99,1,0,2026-06-22 11:56:04
APT100640,P2834,PROV10424,H002,2026-02-20,SCHEDULED,17:38:00,,,0,0,2026-06-22 11:56:04
APT100641,P4017,PROV10466,H003,2026-06-28,CANCELLED,16:23:00,18:08:00,105,1,0,2026-06-22 11:56:04
APT100642,P2671,PROV10495,H001,2026-03-19,COMPLETED,11:32:00,12:42:00,70,0,0,2026-06-22 11:56:04
APT100643,P2922,PROV10447,H005,2026-03-03,RESCHEDULED,12:57:00,,,0,0,2026-06-22 11:56:04
APT100644,P6693,PROV10328,H005,2026-05-09,COMPLETED,16:23:00,16:54:00,31,0,0,2026-06-22 11:56:04
APT100645,P5656,PROV10042,H001,2026-05-15,NO_SHOW,15:28:00,16:50:00,82,0,1,2026-06-22 11:56:04
APT100646,P6426,PROV10116,H003,2026-03-22,RESCHEDULED,17:59:00,,,0,0,2026-06-22 11:56:04
APT100647,P3209,PROV10268,H005,2026-06-05,SCHEDULED,10:09:00,,,0,0,2026-06-22 11:56:04
APT100648,P5883,PROV10383,H005,2026-06-12,CANCELLED,15:23:00,16:45:00,82,1,0,2026-06-22 11:56:04
APT100649,P6671,PROV10131,H005,2026-02-23,RESCHEDULED,08:43:00,,,0,0,2026-06-22 11:56:04
APT100650,P5946,PROV10355,H004,2026-02-14,CANCELLED,14:42:00,16:40:00,118,1,0,2026-06-22 11:56:04
APT100651,P4115,PROV10175,H002,2026-03-05,SCHEDULED,14:25:00,,,0,0,2026-06-22 11:56:04
APT100652,P3984,PROV10447,H005,2026-06-01,CANCELLED,13:51:00,14:59:00,68,1,0,2026-06-22 11:56:04
APT100653,P2252,PROV10121,H001,2026-03-16,RESCHEDULED,15:34:00,,,0,0,2026-06-22 11:56:04
APT100654,P4726,PROV10226,H005,2026-06-04,SCHEDULED,16:35:00,,,0,0,2026-06-22 11:56:04
APT100655,P4055,PROV10380,H001,2026-01-31,NO_SHOW,15:45:00,17:04:00,79,0,1,2026-06-22 11:56:04
APT100656,P4827,PROV10390,H002,2026-02-17,RESCHEDULED,09:40:00,,,0,0,2026-06-22 11:56:04
APT100657,P2800,PROV10434,H003,2026-06-27,RESCHEDULED,15:21:00,,,0,0,2026-06-22 11:56:04
APT100658,P5941,PROV10161,H005,2026-02-13,RESCHEDULED,15:19:00,,,0,0,2026-06-22 11:56:04
APT100659,P2957,PROV10118,H003,2026-02-25,SCHEDULED,11:51:00,,,0,0,2026-06-22 11:56:04
APT100660,P6542,PROV10230,H004,2026-05-14,RESCHEDULED,12:16:00,,,0,0,2026-06-22 11:56:04
APT100661,P6043,PROV10438,H005,2026-06-11,CANCELLED,14:05:00,15:13:00,68,1,0,2026-06-22 11:56:04
APT100662,P4357,PROV10374,H005,2026-05-15,SCHEDULED,09:54:00,,,0,0,2026-06-22 11:56:04
APT100663,P2446,PROV10051,H004,2026-03-06,NO_SHOW,10:34:00,11:40:00,66,0,1,2026-06-22 11:56:04
APT100664,P5906,PROV10145,H001,2026-04-13,COMPLETED,11:39:00,12:59:00,80,0,0,2026-06-22 11:56:04
APT100665,P6854,PROV10182,H002,2026-05-10,NO_SHOW,15:45:00,16:19:00,34,0,1,2026-06-22 11:56:04
APT100666,P2291,PROV10248,H001,2026-02-19,SCHEDULED,10:39:00,,,0,0,2026-06-22 11:56:04
APT100667,P5150,PROV10341,H002,2026-05-27,RESCHEDULED,10:49:00,,,0,0,2026-06-22 11:56:04
APT100668,P6217,PROV10383,H003,2026-01-06,COMPLETED,13:30:00,14:45:00,75,0,0,2026-06-22 11:56:04
APT100669,P4455,PROV10376,H003,2026-06-12,RESCHEDULED,11:55:00,,,0,0,2026-06-22 11:56:04
APT100670,P2214,PROV10270,H004,2026-04-25,NO_SHOW,12:10:00,12:24:00,14,0,1,2026-06-22 11:56:04
APT100671,P2419,PROV10342,H003,2026-02-06,SCHEDULED,11:07:00,,,0,0,2026-06-22 11:56:04
APT100672,P5582,PROV10323,H003,2026-01-12,SCHEDULED,09:17:00,,,0,0,2026-06-22 11:56:04
APT100673,P4444,PROV10384,H004,2026-06-16,CANCELLED,09:08:00,10:39:00,91,1,0,2026-06-22 11:56:04
APT100674,P4016,PROV10264,H005,2026-05-27,CANCELLED,16:31:00,16:36:00,5,1,0,2026-06-22 11:56:04
APT100675,P5162,PROV10442,H002,2026-01-18,RESCHEDULED,14:00:00,,,0,0,2026-06-22 11:56:04
APT100676,P4881,PROV10195,H001,2026-01-06,RESCHEDULED,11:31:00,,,0,0,2026-06-22 11:56:04
APT100677,P2599,PROV10029,H001,2026-01-14,CANCELLED,12:14:00,13:49:00,95,1,0,2026-06-22 11:56:04
APT100678,P4941,PROV10338,H003,2026-02-14,SCHEDULED,13:05:00,,,0,0,2026-06-22 11:56:04
APT100679,P4075,PROV10244,H002,2026-06-16,NO_SHOW,10:23:00,11:46:00,83,0,1,2026-06-22 11:56:04
APT100680,P5325,PROV10175,H005,2026-03-16,RESCHEDULED,12:38:00,,,0,0,2026-06-22 11:56:04
APT100681,P3665,PROV10146,H001,2026-04-12,SCHEDULED,17:12:00,,,0,0,2026-06-22 11:56:04
APT100682,P6320,PROV10365,H003,2026-04-13,COMPLETED,10:02:00,10:51:00,49,0,0,2026-06-22 11:56:04
APT100683,P2696,PROV10058,H005,2026-06-08,RESCHEDULED,17:25:00,,,0,0,2026-06-22 11:56:04
APT100684,P6589,PROV10291,H004,2026-01-17,COMPLETED,15:13:00,17:00:00,107,0,0,2026-06-22 11:56:04
APT100685,P6783,PROV10445,H003,2026-06-18,COMPLETED,11:13:00,11:14:00,1,0,0,2026-06-22 11:56:04
APT100686,P3384,PROV10306,H003,2026-01-27,RESCHEDULED,10:46:00,,,0,0,2026-06-22 11:56:04
APT100687,P5439,PROV10267,H003,2026-01-08,CANCELLED,08:58:00,09:25:00,27,1,0,2026-06-22 11:56:04
APT100688,P4713,PROV10038,H004,2026-02-01,CANCELLED,12:40:00,14:34:00,114,1,0,2026-06-22 11:56:04
APT100689,P3377,PROV10045,H004,2026-03-16,RESCHEDULED,08:49:00,,,0,0,2026-06-22 11:56:04
APT100690,P6797,PROV10013,H004,2026-03-23,RESCHEDULED,14:18:00,,,0,0,2026-06-22 11:56:04
APT100691,P2894,PROV10147,H002,2026-01-29,SCHEDULED,17:58:00,,,0,0,2026-06-22 11:56:04
APT100692,P3546,PROV10242,H003,2026-02-04,SCHEDULED,15:59:00,,,0,0,2026-06-22 11:56:04
APT100693,P5883,PROV10248,H003,2026-01-17,CANCELLED,09:12:00,09:53:00,41,1,0,2026-06-22 11:56:04
APT100694,P6612,PROV10155,H003,2026-02-23,COMPLETED,10:24:00,12:19:00,115,0,0,2026-06-22 11:56:04
APT100695,P3340,PROV10339,H004,2026-06-14,SCHEDULED,13:56:00,,,0,0,2026-06-22 11:56:04
APT100696,P5459,PROV10009,H005,2026-02-16,NO_SHOW,13:52:00,15:42:00,110,0,1,2026-06-22 11:56:04
APT100697,P3917,PROV10432,H001,2026-02-26,CANCELLED,12:52:00,14:43:00,111,1,0,2026-06-22 11:56:04
APT100698,P3153,PROV10244,H002,2026-04-19,CANCELLED,09:20:00,10:04:00,44,1,0,2026-06-22 11:56:04
APT100699,P4557,PROV10313,H003,2026-03-08,SCHEDULED,08:43:00,,,0,0,2026-06-22 11:56:04
APT100700,P3572,PROV10275,H001,2026-01-04,CANCELLED,13:10:00,13:57:00,47,1,0,2026-06-22 11:56:04
APT100701,P3056,PROV10415,H005,2026-03-28,CANCELLED,11:15:00,12:01:00,46,1,0,2026-06-22 11:56:04
APT100702,P3146,PROV10052,H005,2026-01-17,CANCELLED,16:07:00,18:05:00,118,1,0,2026-06-22 11:56:04
APT100703,P6255,PROV10133,H004,2026-02-01,NO_SHOW,09:46:00,11:03:00,77,0,1,2026-06-22 11:56:04
APT100704,P4726,PROV10312,H001,2026-01-26,NO_SHOW,11:44:00,13:29:00,105,0,1,2026-06-22 11:56:04
APT100705,P3305,PROV10495,H003,2026-05-13,CANCELLED,16:47:00,17:17:00,30,1,0,2026-06-22 11:56:04
APT100706,P4935,PROV10060,H003,2026-01-22,NO_SHOW,09:03:00,10:16:00,73,0,1,2026-06-22 11:56:04
APT100707,P4457,PROV10427,H001,2026-05-08,CANCELLED,14:27:00,15:27:00,60,1,0,2026-06-22 11:56:04
APT100708,P5522,PROV10257,H004,2026-06-20,SCHEDULED,17:45:00,,,0,0,2026-06-22 11:56:04
APT100709,P4304,PROV10481,H004,2026-02-24,RESCHEDULED,17:30:00,,,0,0,2026-06-22 11:56:04
APT100710,P4462,PROV10011,H001,2026-04-28,SCHEDULED,16:39:00,,,0,0,2026-06-22 11:56:04
APT100711,P4874,PROV10499,H004,2026-06-05,CANCELLED,16:24:00,16:49:00,25,1,0,2026-06-22 11:56:04
APT100712,P3032,PROV10003,H003,2026-04-04,COMPLETED,09:17:00,09:27:00,10,0,0,2026-06-22 11:56:04
APT100713,P6880,PROV10053,H003,2026-03-14,COMPLETED,08:04:00,09:59:00,115,0,0,2026-06-22 11:56:04
APT100714,P2904,PROV10042,H003,2026-02-19,NO_SHOW,09:31:00,10:56:00,85,0,1,2026-06-22 11:56:04
APT100715,P3631,PROV10014,H005,2026-05-02,COMPLETED,16:04:00,16:34:00,30,0,0,2026-06-22 11:56:04
APT100716,P5315,PROV10200,H002,2026-05-30,RESCHEDULED,13:24:00,,,0,0,2026-06-22 11:56:04
APT100717,P3034,PROV10403,H003,2026-01-10,SCHEDULED,16:10:00,,,0,0,2026-06-22 11:56:04
APT100718,P5009,PROV10069,H003,2026-03-22,SCHEDULED,13:58:00,,,0,0,2026-06-22 11:56:04
APT100719,P6509,PROV10293,H005,2026-01-28,COMPLETED,13:51:00,15:48:00,117,0,0,2026-06-22 11:56:04
APT100720,P2126,PROV10024,H003,2026-04-16,RESCHEDULED,09:39:00,,,0,0,2026-06-22 11:56:04
APT100721,P2712,PROV10292,H004,2026-06-01,SCHEDULED,13:47:00,,,0,0,2026-06-22 11:56:04
APT100722,P3084,PROV10285,H005,2026-06-17,COMPLETED,09:01:00,10:31:00,90,0,0,2026-06-22 11:56:04
APT100723,P6340,PROV10272,H001,2026-05-27,RESCHEDULED,14:50:00,,,0,0,2026-06-22 11:56:04
APT100724,P2057,PROV10437,H001,2026-03-30,SCHEDULED,13:53:00,,,0,0,2026-06-22 11:56:04
APT100725,P2099,PROV10098,H001,2026-01-27,NO_SHOW,08:52:00,10:24:00,92,0,1,2026-06-22 11:56:04
APT100726,P2005,PROV10417,H002,2026-03-12,COMPLETED,12:45:00,13:07:00,22,0,0,2026-06-22 11:56:04
APT100727,P4876,PROV10058,H004,2026-05-06,SCHEDULED,11:34:00,,,0,0,2026-06-22 11:56:04
APT100728,P2216,PROV10068,H005,2026-01-13,NO_SHOW,11:49:00,12:22:00,33,0,1,2026-06-22 11:56:04
APT100729,P4764,PROV10169,H001,2026-02-20,SCHEDULED,10:32:00,,,0,0,2026-06-22 11:56:04
APT100730,P3420,PROV10310,H005,2026-05-03,RESCHEDULED,14:43:00,,,0,0,2026-06-22 11:56:04
APT100731,P3684,PROV10258,H005,2026-01-25,CANCELLED,08:01:00,09:34:00,93,1,0,2026-06-22 11:56:04
APT100732,P6730,PROV10138,H002,2026-05-20,NO_SHOW,09:16:00,11:08:00,112,0,1,2026-06-22 11:56:04
APT100733,P6789,PROV10449,H001,2026-01-28,NO_SHOW,12:32:00,12:49:00,17,0,1,2026-06-22 11:56:04
APT100734,P5320,PROV10403,H001,2026-02-26,CANCELLED,09:30:00,11:20:00,110,1,0,2026-06-22 11:56:04
APT100735,P3083,PROV10287,H005,2026-03-23,RESCHEDULED,09:41:00,,,0,0,2026-06-22 11:56:04
APT100736,P4783,PROV10359,H003,2026-02-27,COMPLETED,10:14:00,11:26:00,72,0,0,2026-06-22 11:56:04
APT100737,P6550,PROV10436,H005,2026-05-21,SCHEDULED,08:03:00,,,0,0,2026-06-22 11:56:04
APT100738,P4915,PROV10063,H005,2026-06-28,CANCELLED,16:45:00,16:54:00,9,1,0,2026-06-22 11:56:04
APT100739,P6378,PROV10398,H001,2026-02-14,RESCHEDULED,08:29:00,,,0,0,2026-06-22 11:56:04
APT100740,P2828,PROV10435,H005,2026-06-30,COMPLETED,13:43:00,13:52:00,9,0,0,2026-06-22 11:56:04
APT100741,P6302,PROV10198,H002,2026-05-11,RESCHEDULED,13:07:00,,,0,0,2026-06-22 11:56:04
APT100742,P3890,PROV10292,H004,2026-03-22,RESCHEDULED,08:03:00,,,0,0,2026-06-22 11:56:04
APT100743,P2723,PROV10419,H001,2026-03-18,RESCHEDULED,17:42:00,,,0,0,2026-06-22 11:56:04
APT100744,P4198,PROV10257,H001,2026-03-28,RESCHEDULED,13:18:00,,,0,0,2026-06-22 11:56:04
APT100745,P2421,PROV10039,H004,2026-02-26,CANCELLED,13:55:00,14:59:00,64,1,0,2026-06-22 11:56:04
APT100746,P4529,PROV10044,H001,2026-04-14,SCHEDULED,11:10:00,,,0,0,2026-06-22 11:56:04
APT100747,P5553,PROV10165,H004,2026-01-03,SCHEDULED,09:02:00,,,0,0,2026-06-22 11:56:04
APT100748,P5186,PROV10135,H001,2026-04-24,CANCELLED,17:05:00,18:15:00,70,1,0,2026-06-22 11:56:04
APT100749,P2057,PROV10017,H005,2026-01-14,CANCELLED,13:29:00,13:51:00,22,1,0,2026-06-22 11:56:04
APT100750,P6157,PROV10143,H005,2026-06-30,NO_SHOW,14:05:00,14:36:00,31,0,1,2026-06-22 11:56:04
APT100751,P6813,PROV10362,H001,2026-02-26,COMPLETED,08:29:00,08:56:00,27,0,0,2026-06-22 11:56:04
APT100752,P5574,PROV10046,H003,2026-04-13,CANCELLED,10:58:00,11:59:00,61,1,0,2026-06-22 11:56:04
APT100753,P2956,PROV10341,H003,2026-04-28,NO_SHOW,16:20:00,16:23:00,3,0,1,2026-06-22 11:56:04
APT100754,P3884,PROV10392,H004,2026-06-19,CANCELLED,12:31:00,14:00:00,89,1,0,2026-06-22 11:56:04
APT100755,P5694,PROV10201,H005,2026-03-09,SCHEDULED,11:37:00,,,0,0,2026-06-22 11:56:04
APT100756,P3805,PROV10180,H002,2026-03-02,SCHEDULED,12:57:00,,,0,0,2026-06-22 11:56:04
APT100757,P4450,PROV10396,H005,2026-04-27,SCHEDULED,09:38:00,,,0,0,2026-06-22 11:56:04
APT100758,P4859,PROV10328,H002,2026-03-18,COMPLETED,13:52:00,14:39:00,47,0,0,2026-06-22 11:56:04
APT100759,P4265,PROV10438,H002,2026-05-17,CANCELLED,09:28:00,09:45:00,17,1,0,2026-06-22 11:56:04
APT100760,P2367,PROV10479,H001,2026-06-28,COMPLETED,10:25:00,11:17:00,52,0,0,2026-06-22 11:56:04
APT100761,P2343,PROV10335,H004,2026-03-10,CANCELLED,14:10:00,16:10:00,120,1,0,2026-06-22 11:56:04
APT100762,P3216,PROV10139,H003,2026-05-01,CANCELLED,12:04:00,12:49:00,45,1,0,2026-06-22 11:56:04
APT100763,P2382,PROV10234,H001,2026-05-15,RESCHEDULED,13:24:00,,,0,0,2026-06-22 11:56:04
APT100764,P6143,PROV10361,H001,2026-04-20,NO_SHOW,16:49:00,17:39:00,50,0,1,2026-06-22 11:56:04
APT100765,P3581,PROV10240,H002,2026-02-14,CANCELLED,10:28:00,12:02:00,94,1,0,2026-06-22 11:56:04
APT100766,P4073,PROV10025,H005,2026-02-08,NO_SHOW,14:23:00,15:17:00,54,0,1,2026-06-22 11:56:04
APT100767,P2633,PROV10260,H002,2026-03-04,COMPLETED,12:22:00,13:37:00,75,0,0,2026-06-22 11:56:04
APT100768,P4900,PROV10120,H004,2026-05-11,NO_SHOW,16:07:00,16:30:00,23,0,1,2026-06-22 11:56:04
APT100769,P4160,PROV10486,H003,2026-06-21,CANCELLED,09:38:00,09:42:00,4,1,0,2026-06-22 11:56:04
APT100770,P2658,PROV10261,H001,2026-02-26,CANCELLED,12:45:00,14:30:00,105,1,0,2026-06-22 11:56:04
APT100771,P5498,PROV10370,H004,2026-04-03,NO_SHOW,11:59:00,12:07:00,8,0,1,2026-06-22 11:56:04
APT100772,P3627,PROV10052,H003,2026-06-05,RESCHEDULED,17:07:00,,,0,0,2026-06-22 11:56:04
APT100773,P5720,PROV10463,H003,2026-05-04,CANCELLED,09:36:00,11:04:00,88,1,0,2026-06-22 11:56:04
APT100774,P2368,PROV10188,H004,2026-03-03,CANCELLED,14:21:00,16:17:00,116,1,0,2026-06-22 11:56:04
APT100775,P3320,PROV10099,H005,2026-01-26,NO_SHOW,14:52:00,16:41:00,109,0,1,2026-06-22 11:56:04
APT100776,P5533,PROV10445,H003,2026-05-13,RESCHEDULED,14:35:00,,,0,0,2026-06-22 11:56:04
APT100777,P6741,PROV10080,H003,2026-01-15,CANCELLED,15:30:00,17:17:00,107,1,0,2026-06-22 11:56:04
APT100778,P5832,PROV10452,H002,2026-04-29,CANCELLED,17:02:00,18:55:00,113,1,0,2026-06-22 11:56:04
APT100779,P5543,PROV10367,H004,2026-02-27,NO_SHOW,12:14:00,14:09:00,115,0,1,2026-06-22 11:56:04
APT100780,P2251,PROV10102,H002,2026-04-17,RESCHEDULED,15:44:00,,,0,0,2026-06-22 11:56:04
APT100781,P5300,PROV10101,H003,2026-01-19,SCHEDULED,16:56:00,,,0,0,2026-06-22 11:56:04
APT100782,P4829,PROV10143,H002,2026-01-28,SCHEDULED,13:20:00,,,0,0,2026-06-22 11:56:04
APT100783,P6938,PROV10199,H002,2026-01-24,SCHEDULED,11:30:00,,,0,0,2026-06-22 11:56:04
APT100784,P5019,PROV10240,H004,2026-06-22,COMPLETED,12:54:00,13:38:00,44,0,0,2026-06-22 11:56:04
APT100785,P4402,PROV10402,H002,2026-01-04,SCHEDULED,14:48:00,,,0,0,2026-06-22 11:56:04
APT100786,P2523,PROV10071,H003,2026-03-28,CANCELLED,17:32:00,17:51:00,19,1,0,2026-06-22 11:56:04
APT100787,P5422,PROV10379,H005,2026-04-09,SCHEDULED,08:31:00,,,0,0,2026-06-22 11:56:04
APT100788,P2062,PROV10422,H005,2026-01-27,RESCHEDULED,11:07:00,,,0,0,2026-06-22 11:56:04
APT100789,P6557,PROV10412,H003,2026-01-28,CANCELLED,14:41:00,15:16:00,35,1,0,2026-06-22 11:56:04
APT100790,P5103,PROV10006,H003,2026-04-29,SCHEDULED,15:05:00,,,0,0,2026-06-22 11:56:04
APT100791,P2039,PROV10098,H001,2026-01-18,RESCHEDULED,17:20:00,,,0,0,2026-06-22 11:56:04
APT100792,P3513,PROV10075,H005,2026-02-05,RESCHEDULED,15:12:00,,,0,0,2026-06-22 11:56:04
APT100793,P5904,PROV10451,H005,2026-04-21,NO_SHOW,11:07:00,11:16:00,9,0,1,2026-06-22 11:56:04
APT100794,P5491,PROV10272,H005,2026-01-23,NO_SHOW,15:33:00,17:16:00,103,0,1,2026-06-22 11:56:04
APT100795,P6556,PROV10203,H003,2026-04-16,RESCHEDULED,08:55:00,,,0,0,2026-06-22 11:56:04
APT100796,P2799,PROV10480,H004,2026-01-09,CANCELLED,08:10:00,10:10:00,120,1,0,2026-06-22 11:56:04
APT100797,P2504,PROV10312,H003,2026-06-11,NO_SHOW,08:42:00,09:38:00,56,0,1,2026-06-22 11:56:04
APT100798,P4821,PROV10465,H001,2026-01-16,COMPLETED,13:03:00,13:57:00,54,0,0,2026-06-22 11:56:04
APT100799,P6489,PROV10098,H002,2026-01-15,CANCELLED,17:40:00,19:30:00,110,1,0,2026-06-22 11:56:04
APT100800,P4544,PROV10328,H001,2026-03-26,CANCELLED,08:31:00,08:49:00,282,1,0,2026-06-22 11:56:04
APT100801,P3429,PROV10207,H002,2026-05-30,RESCHEDULED,14:21:00,,,0,0,2026-06-22 11:56:04
APT100802,P5979,PROV10098,H005,2026-02-09,RESCHEDULED,10:18:00,,,0,0,2026-06-22 11:56:04
APT100803,P3472,PROV10013,H005,2026-04-27,COMPLETED,08:36:00,09:37:00,61,0,0,2026-06-22 11:56:04
APT100804,P6935,PROV10416,H004,2026-02-28,SCHEDULED,13:38:00,,,0,0,2026-06-22 11:56:04
APT100805,P3093,PROV10038,H002,2026-06-18,COMPLETED,16:26:00,16:53:00,27,0,0,2026-06-22 11:56:04
APT100806,P3457,PROV10421,H004,2026-04-22,NO_SHOW,10:27:00,12:00:00,93,0,1,2026-06-22 11:56:04
APT100807,P6003,PROV10135,H002,2026-02-11,NO_SHOW,08:17:00,10:14:00,117,0,1,2026-06-22 11:56:04
APT100808,P3815,PROV10350,H005,2026-01-15,COMPLETED,10:11:00,11:55:00,104,0,0,2026-06-22 11:56:04
APT100809,P3193,PROV10147,H005,2026-04-22,SCHEDULED,16:23:00,,,0,0,2026-06-22 11:56:04
APT100810,P3510,PROV10172,H005,2026-04-01,NO_SHOW,13:57:00,14:52:00,55,0,1,2026-06-22 11:56:04
APT100811,P5565,PROV10230,H003,2026-02-04,NO_SHOW,16:35:00,17:18:00,43,0,1,2026-06-22 11:56:04
APT100812,P6292,PROV10251,H003,2026-01-04,COMPLETED,08:57:00,10:27:00,90,0,0,2026-06-22 11:56:04
APT100813,P2708,PROV10495,H005,2026-06-08,SCHEDULED,16:35:00,,,0,0,2026-06-22 11:56:04
APT100814,P3500,PROV10410,H005,2026-05-13,RESCHEDULED,15:41:00,,,0,0,2026-06-22 11:56:04
APT100815,P3609,PROV10057,H002,2026-04-12,SCHEDULED,09:30:00,,,0,0,2026-06-22 11:56:04
APT100816,P5025,PROV10178,H002,2026-01-05,NO_SHOW,11:38:00,13:18:00,100,0,1,2026-06-22 11:56:04
APT100817,P2229,PROV10188,H004,2026-05-25,SCHEDULED,16:56:00,,,0,0,2026-06-22 11:56:04
APT100818,P2697,PROV10021,H005,2026-03-15,CANCELLED,10:32:00,12:29:00,117,1,0,2026-06-22 11:56:04
APT100819,P3508,PROV10212,H003,2026-04-19,RESCHEDULED,10:11:00,,,0,0,2026-06-22 11:56:04
APT100820,P2873,PROV10096,H003,2026-01-14,RESCHEDULED,10:44:00,,,0,0,2026-06-22 11:56:04
APT100821,P6245,PROV10379,H005,2026-01-01,NO_SHOW,13:47:00,15:08:00,81,0,1,2026-06-22 11:56:04
APT100822,P3486,PROV10281,H005,2026-02-13,NO_SHOW,17:33:00,18:38:00,65,0,1,2026-06-22 11:56:04
APT100823,P6744,PROV10386,H005,2026-04-11,CANCELLED,08:28:00,10:26:00,118,1,0,2026-06-22 11:56:04
APT100824,P4694,PROV10445,H003,2026-06-01,CANCELLED,13:13:00,13:15:00,2,1,0,2026-06-22 11:56:04
APT100825,P3325,PROV10301,H005,2026-04-21,CANCELLED,17:23:00,17:51:00,28,1,0,2026-06-22 11:56:04
APT100826,P4172,PROV10117,H004,2026-01-06,CANCELLED,08:20:00,09:12:00,52,1,0,2026-06-22 11:56:04
APT100827,P6626,PROV10126,H002,2026-04-04,CANCELLED,08:40:00,10:15:00,95,1,0,2026-06-22 11:56:04
APT100828,P5797,PROV10389,H003,2026-01-16,COMPLETED,17:39:00,17:43:00,4,0,0,2026-06-22 11:56:04
APT100829,P3162,PROV10147,H001,2026-01-17,NO_SHOW,10:02:00,11:12:00,70,0,1,2026-06-22 11:56:04
APT100830,P2612,PROV10059,H002,2026-05-20,SCHEDULED,10:59:00,,,0,0,2026-06-22 11:56:04
APT100831,P2809,PROV10044,H004,2026-01-21,SCHEDULED,11:48:00,,,0,0,2026-06-22 11:56:04
APT100832,P2700,PROV10367,H001,2026-06-21,COMPLETED,10:18:00,12:16:00,118,0,0,2026-06-22 11:56:04
APT100833,P6605,PROV10422,H005,2026-06-04,COMPLETED,11:26:00,12:44:00,78,0,0,2026-06-22 11:56:04
APT100834,P2765,PROV10131,H005,2026-03-01,NO_SHOW,13:44:00,14:18:00,34,0,1,2026-06-22 11:56:04
APT100835,P5056,PROV10214,H004,2026-05-03,COMPLETED,10:35:00,12:29:00,114,0,0,2026-06-22 11:56:04
APT100836,P4437,PROV10132,H002,2026-01-05,COMPLETED,09:35:00,10:52:00,77,0,0,2026-06-22 11:56:04
APT100837,P5914,PROV10023,H005,2026-02-03,RESCHEDULED,10:02:00,,,0,0,2026-06-22 11:56:04
APT100838,P5155,PROV10417,H004,2026-02-19,RESCHEDULED,14:38:00,,,0,0,2026-06-22 11:56:04
APT100839,P2130,PROV10044,H003,2026-02-18,NO_SHOW,09:03:00,10:30:00,87,0,1,2026-06-22 11:56:04
APT100840,P6333,PROV10367,H004,2026-01-14,SCHEDULED,11:43:00,,,0,0,2026-06-22 11:56:04
APT100841,P4815,PROV10184,H003,2026-05-31,NO_SHOW,13:19:00,13:32:00,13,0,1,2026-06-22 11:56:04
APT100842,P3337,PROV10004,H002,2026-01-21,COMPLETED,10:18:00,10:32:00,14,0,0,2026-06-22 11:56:04
APT100843,P6986,PROV10123,H001,2026-04-11,COMPLETED,12:49:00,13:47:00,58,0,0,2026-06-22 11:56:04
APT100844,P5521,PROV10333,H003,2026-06-28,COMPLETED,15:58:00,16:07:00,9,0,0,2026-06-22 11:56:04
APT100845,P3978,PROV10060,H005,2026-01-27,SCHEDULED,11:32:00,,,0,0,2026-06-22 11:56:04
APT100846,P2915,PROV10451,H001,2026-01-18,COMPLETED,17:07:00,17:12:00,5,0,0,2026-06-22 11:56:04
APT100847,P5305,PROV10372,H001,2026-05-23,CANCELLED,15:27:00,16:58:00,91,1,0,2026-06-22 11:56:04
APT100848,P4227,PROV10436,H003,2026-02-06,RESCHEDULED,17:37:00,,,0,0,2026-06-22 11:56:04
APT100849,P3186,PROV10118,H003,2026-05-31,NO_SHOW,09:41:00,11:21:00,100,0,1,2026-06-22 11:56:04
APT100850,P2977,PROV10215,H003,2026-02-12,RESCHEDULED,12:04:00,,,0,0,2026-06-22 11:56:04
APT100851,P4381,PROV10220,H002,2026-02-18,NO_SHOW,10:53:00,12:50:00,117,0,1,2026-06-22 11:56:04
APT100852,P6096,PROV10145,H002,2026-02-16,SCHEDULED,11:03:00,,,0,0,2026-06-22 11:56:04
APT100853,P4486,PROV10467,H003,2026-03-01,NO_SHOW,10:18:00,10:33:00,15,0,1,2026-06-22 11:56:04
APT100854,P4582,PROV10413,H001,2026-06-16,SCHEDULED,13:11:00,,,0,0,2026-06-22 11:56:04
APT100855,P6260,PROV10373,H002,2026-04-06,SCHEDULED,08:00:00,,,0,0,2026-06-22 11:56:04
APT100856,P2722,PROV10025,H005,2026-05-23,SCHEDULED,10:33:00,,,0,0,2026-06-22 11:56:04
APT100857,P3544,PROV10411,H005,2026-01-29,RESCHEDULED,13:36:00,,,0,0,2026-06-22 11:56:04
APT100858,P5055,PROV10252,H005,2026-02-12,CANCELLED,09:24:00,09:50:00,26,1,0,2026-06-22 11:56:04
APT100859,P4170,PROV10417,H004,2026-04-01,CANCELLED,12:12:00,13:50:00,98,1,0,2026-06-22 11:56:04
APT100860,P2169,PROV10337,H005,2026-03-26,COMPLETED,17:52:00,18:23:00,31,0,0,2026-06-22 11:56:04
APT100861,P6661,PROV10027,H002,2026-01-08,COMPLETED,13:22:00,15:07:00,105,0,0,2026-06-22 11:56:04
APT100862,P2732,PROV10311,H003,2026-05-04,SCHEDULED,14:55:00,,,0,0,2026-06-22 11:56:04
APT100863,P4411,PROV10257,H001,2026-04-12,CANCELLED,09:31:00,11:08:00,97,1,0,2026-06-22 11:56:04
APT100864,P5409,PROV10367,H002,2026-02-06,CANCELLED,09:04:00,10:53:00,109,1,0,2026-06-22 11:56:04
APT100865,P5725,PROV10257,H002,2026-01-04,SCHEDULED,13:24:00,,,0,0,2026-06-22 11:56:04
APT100866,P6991,PROV10307,H001,2026-06-19,NO_SHOW,11:48:00,13:32:00,104,0,1,2026-06-22 11:56:04
APT100867,P6790,PROV10369,H003,2026-03-23,CANCELLED,17:30:00,18:44:00,74,1,0,2026-06-22 11:56:04
APT100868,P4728,PROV10211,H001,2026-03-03,NO_SHOW,15:38:00,17:32:00,114,0,1,2026-06-22 11:56:04
APT100869,P2885,PROV10382,H005,2026-01-23,RESCHEDULED,09:37:00,,,0,0,2026-06-22 11:56:04
APT100870,P2431,PROV10141,H004,2026-01-04,CANCELLED,10:11:00,11:04:00,53,1,0,2026-06-22 11:56:04
APT100871,P3853,PROV10435,H004,2026-04-26,SCHEDULED,09:40:00,,,0,0,2026-06-22 11:56:04
APT100872,P6629,PROV10190,H001,2026-04-02,RESCHEDULED,09:03:00,,,0,0,2026-06-22 11:56:04
APT100873,P3294,PROV10064,H005,2026-03-15,CANCELLED,13:48:00,14:55:00,67,1,0,2026-06-22 11:56:04
APT100874,P2394,PROV10003,H005,2026-02-01,SCHEDULED,12:18:00,,,0,0,2026-06-22 11:56:04
APT100875,P6668,PROV10170,H001,2026-01-17,NO_SHOW,13:39:00,14:59:00,80,0,1,2026-06-22 11:56:04
APT100876,P5810,PROV10146,H001,2026-05-18,CANCELLED,15:18:00,16:27:00,69,1,0,2026-06-22 11:56:04
APT100877,P4628,PROV10078,H001,2026-02-13,SCHEDULED,13:35:00,,,0,0,2026-06-22 11:56:04
APT100878,P4320,PROV10449,H001,2026-03-21,NO_SHOW,08:30:00,10:13:00,103,0,1,2026-06-22 11:56:04
APT100879,P4013,PROV10318,H001,2026-04-16,RESCHEDULED,14:34:00,,,0,0,2026-06-22 11:56:04
APT100880,P3047,PROV10265,H001,2026-04-12,CANCELLED,09:24:00,11:08:00,104,1,0,2026-06-22 11:56:04
APT100881,P5238,PROV10378,H003,2026-06-12,RESCHEDULED,15:03:00,,,0,0,2026-06-22 11:56:04
APT100882,P6454,PROV10082,H002,2026-06-23,NO_SHOW,17:49:00,18:54:00,65,0,1,2026-06-22 11:56:04
APT100883,P2456,PROV10155,H003,2026-03-28,CANCELLED,11:36:00,12:29:00,53,1,0,2026-06-22 11:56:04
APT100884,P2797,PROV10097,H003,2026-03-23,RESCHEDULED,16:15:00,,,0,0,2026-06-22 11:56:04
APT100885,P6949,PROV10087,H002,2026-02-12,NO_SHOW,12:25:00,12:50:00,25,0,1,2026-06-22 11:56:04
APT100886,P6416,PROV10252,H001,2026-05-04,RESCHEDULED,16:22:00,,,0,0,2026-06-22 11:56:04
APT100887,P3230,PROV10307,H005,2026-05-31,COMPLETED,16:36:00,17:44:00,68,0,0,2026-06-22 11:56:04
APT100888,P5697,PROV10043,H005,2026-06-17,CANCELLED,08:54:00,10:46:00,112,1,0,2026-06-22 11:56:04
APT100889,P6416,PROV10006,H005,2026-06-19,NO_SHOW,15:45:00,15:56:00,11,0,1,2026-06-22 11:56:04
APT100890,P4659,PROV10373,H003,2026-05-01,SCHEDULED,09:28:00,,,0,0,2026-06-22 11:56:04
APT100891,P3095,PROV10264,H001,2026-04-07,CANCELLED,15:17:00,16:30:00,73,1,0,2026-06-22 11:56:04
APT100892,P4914,PROV10019,H001,2026-04-05,RESCHEDULED,09:54:00,,,0,0,2026-06-22 11:56:04
APT100893,P3453,PROV10332,H004,2026-05-30,SCHEDULED,10:49:00,,,0,0,2026-06-22 11:56:04
APT100894,P4155,PROV10143,H005,2026-06-25,CANCELLED,13:12:00,13:28:00,16,1,0,2026-06-22 11:56:04
APT100895,P2688,PROV10339,H005,2026-06-06,CANCELLED,15:49:00,16:39:00,50,1,0,2026-06-22 11:56:04
APT100896,P5377,PROV10497,H005,2026-01-08,CANCELLED,15:35:00,17:25:00,110,1,0,2026-06-22 11:56:04
APT100897,P6774,PROV10345,H003,2026-04-14,COMPLETED,15:34:00,15:45:00,11,0,0,2026-06-22 11:56:04
APT100898,P4018,PROV10417,H001,2026-05-09,SCHEDULED,12:24:00,,,0,0,2026-06-22 11:56:04
APT100899,P4388,PROV10378,H005,2026-01-16,NO_SHOW,11:21:00,12:47:00,86,0,1,2026-06-22 11:56:04
APT100900,P4039,PROV10349,H003,2026-06-09,RESCHEDULED,08:21:00,,,0,0,2026-06-22 11:56:04
APT100901,P2048,PROV10287,H005,2026-02-21,NO_SHOW,08:09:00,09:25:00,76,0,1,2026-06-22 11:56:04
APT100902,P5888,PROV10367,H001,2026-05-04,SCHEDULED,14:47:00,,,0,0,2026-06-22 11:56:04
APT100903,P2609,PROV10029,H003,2026-05-09,CANCELLED,13:45:00,14:17:00,32,1,0,2026-06-22 11:56:04
APT100904,P3718,PROV10307,H002,2026-04-23,CANCELLED,08:48:00,09:09:00,21,1,0,2026-06-22 11:56:04
APT100905,P3920,PROV10440,H003,2026-01-19,SCHEDULED,11:12:00,,,0,0,2026-06-22 11:56:04
APT100906,P3687,PROV10421,H002,2026-03-31,SCHEDULED,10:24:00,,,0,0,2026-06-22 11:56:04
APT100907,P2257,PROV10128,H002,2026-03-28,RESCHEDULED,08:34:00,,,0,0,2026-06-22 11:56:04
APT100908,P3658,PROV10319,H001,2026-04-13,SCHEDULED,10:01:00,,,0,0,2026-06-22 11:56:04
APT100909,P5541,PROV10183,H002,2026-06-02,NO_SHOW,08:25:00,09:24:00,59,0,1,2026-06-22 11:56:04
APT100910,P6901,PROV10026,H004,2026-02-20,COMPLETED,10:29:00,11:56:00,87,0,0,2026-06-22 11:56:04
APT100911,P5405,PROV10316,H004,2026-06-01,SCHEDULED,17:49:00,,,0,0,2026-06-22 11:56:04
APT100912,P4418,PROV10308,H003,2026-04-08,RESCHEDULED,17:12:00,,,0,0,2026-06-22 11:56:04
APT100913,P6554,PROV10451,H001,2026-04-13,RESCHEDULED,14:18:00,,,0,0,2026-06-22 11:56:04
APT100914,P5833,PROV10477,H002,2026-05-28,RESCHEDULED,14:51:00,,,0,0,2026-06-22 11:56:04
APT100915,P6339,PROV10137,H001,2026-02-26,COMPLETED,13:38:00,13:40:00,2,0,0,2026-06-22 11:56:04
APT100916,P2948,PROV10205,H001,2026-05-17,SCHEDULED,09:46:00,,,0,0,2026-06-22 11:56:04
APT100917,P2773,PROV10491,H004,2026-06-29,CANCELLED,16:36:00,18:12:00,96,1,0,2026-06-22 11:56:04
APT100918,P4624,PROV10069,H001,2026-03-01,CANCELLED,13:39:00,15:22:00,103,1,0,2026-06-22 11:56:04
APT100919,P3958,PROV10398,H003,2026-06-20,COMPLETED,16:48:00,17:15:00,27,0,0,2026-06-22 11:56:04
APT100920,P4557,PROV10482,H005,2026-01-30,COMPLETED,17:27:00,18:45:00,78,0,0,2026-06-22 11:56:04
APT100921,P3652,PROV10205,H002,2026-03-09,CANCELLED,16:10:00,16:47:00,37,1,0,2026-06-22 11:56:04
APT100922,P3153,PROV10393,H005,2026-01-06,CANCELLED,15:12:00,16:19:00,67,1,0,2026-06-22 11:56:04
APT100923,P2168,PROV10144,H005,2026-03-29,RESCHEDULED,09:38:00,,,0,0,2026-06-22 11:56:04
APT100924,P5330,PROV10150,H004,2026-05-01,COMPLETED,10:43:00,12:29:00,106,0,0,2026-06-22 11:56:04
APT100925,P2670,PROV10160,H003,2026-03-27,RESCHEDULED,17:41:00,,,0,0,2026-06-22 11:56:04
APT100926,P4119,PROV10264,H004,2026-01-05,COMPLETED,12:52:00,13:44:00,52,0,0,2026-06-22 11:56:04
APT100927,P5556,PROV10133,H005,2026-01-29,COMPLETED,13:53:00,15:11:00,78,0,0,2026-06-22 11:56:04
APT100928,P3858,PROV10317,H005,2026-02-27,COMPLETED,16:49:00,18:05:00,76,0,0,2026-06-22 11:56:04
APT100929,P3296,PROV10154,H001,2026-03-10,CANCELLED,16:37:00,18:12:00,95,1,0,2026-06-22 11:56:04
APT100930,P2767,PROV10218,H003,2026-05-22,RESCHEDULED,16:53:00,,,0,0,2026-06-22 11:56:04
APT100931,P2971,PROV10019,H002,2026-05-19,NO_SHOW,14:11:00,15:05:00,54,0,1,2026-06-22 11:56:04
APT100932,P6268,PROV10361,H004,2026-05-29,COMPLETED,11:49:00,12:27:00,38,0,0,2026-06-22 11:56:04
APT100933,P4730,PROV10262,H005,2026-03-10,COMPLETED,14:21:00,16:01:00,100,0,0,2026-06-22 11:56:04
APT100934,P5312,PROV10333,H003,2026-04-03,SCHEDULED,16:07:00,,,0,0,2026-06-22 11:56:04
APT100935,P3388,PROV10131,H001,2026-01-22,COMPLETED,14:29:00,16:28:00,119,0,0,2026-06-22 11:56:04
APT100936,P5673,PROV10313,H002,2026-01-02,RESCHEDULED,12:35:00,,,0,0,2026-06-22 11:56:04
APT100937,P5144,PROV10259,H003,2026-01-09,COMPLETED,09:40:00,10:46:00,66,0,0,2026-06-22 11:56:04
APT100938,P4228,PROV10461,H002,2026-06-03,CANCELLED,14:52:00,15:22:00,30,1,0,2026-06-22 11:56:04
APT100939,P6912,PROV10253,H001,2026-06-23,SCHEDULED,16:46:00,,,0,0,2026-06-22 11:56:04
APT100940,P6853,PROV10360,H005,2026-01-17,RESCHEDULED,11:35:00,,,0,0,2026-06-22 11:56:04
APT100941,P5180,PROV10409,H004,2026-05-14,SCHEDULED,10:36:00,,,0,0,2026-06-22 11:56:04
APT100942,P4608,PROV10385,H004,2026-01-23,RESCHEDULED,09:40:00,,,0,0,2026-06-22 11:56:04
APT100943,P4192,PROV10180,H002,2026-01-30,RESCHEDULED,17:11:00,,,0,0,2026-06-22 11:56:04
APT100944,P5231,PROV10022,H004,2026-01-18,CANCELLED,10:57:00,12:29:00,92,1,0,2026-06-22 11:56:04
APT100945,P4256,PROV10218,H004,2026-04-19,CANCELLED,16:12:00,18:12:00,120,1,0,2026-06-22 11:56:04
APT100946,P5097,PROV10383,H003,2026-01-27,RESCHEDULED,12:21:00,,,0,0,2026-06-22 11:56:04
APT100947,P6160,PROV10300,H004,2026-04-27,RESCHEDULED,09:37:00,,,0,0,2026-06-22 11:56:04
APT100948,P2043,PROV10195,H005,2026-06-18,RESCHEDULED,08:36:00,,,0,0,2026-06-22 11:56:04
APT100949,P3218,PROV10421,H001,2026-03-20,RESCHEDULED,16:13:00,,,0,0,2026-06-22 11:56:04
APT100950,P4372,PROV10049,H003,2026-06-12,CANCELLED,17:31:00,17:36:00,5,1,0,2026-06-22 11:56:04
APT100951,P6935,PROV10426,H005,2026-05-08,NO_SHOW,09:30:00,10:39:00,69,0,1,2026-06-22 11:56:04
APT100952,P5509,PROV10079,H002,2026-02-04,COMPLETED,12:21:00,12:42:00,21,0,0,2026-06-22 11:56:04
APT100953,P2576,PROV10125,H005,2026-03-31,CANCELLED,11:12:00,12:09:00,57,1,0,2026-06-22 11:56:04
APT100954,P6362,PROV10186,H003,2026-06-26,RESCHEDULED,09:29:00,,,0,0,2026-06-22 11:56:04
APT100955,P4439,PROV10356,H002,2026-05-06,RESCHEDULED,13:16:00,,,0,0,2026-06-22 11:56:04
APT100956,P2886,PROV10077,H004,2026-01-27,CANCELLED,16:52:00,18:47:00,115,1,0,2026-06-22 11:56:04
APT100957,P2253,PROV10298,H002,2026-05-24,RESCHEDULED,11:19:00,,,0,0,2026-06-22 11:56:04
APT100958,P2939,PROV10046,H005,2026-04-27,NO_SHOW,13:20:00,13:36:00,16,0,1,2026-06-22 11:56:04
APT100959,P2357,PROV10303,H005,2026-01-05,SCHEDULED,08:39:00,,,0,0,2026-06-22 11:56:04
APT100960,P2656,PROV10316,H005,2026-01-02,CANCELLED,12:18:00,12:57:00,39,1,0,2026-06-22 11:56:04
APT100961,P6897,PROV10253,H004,2026-06-04,SCHEDULED,17:01:00,,,0,0,2026-06-22 11:56:04
APT100962,P5940,PROV10015,H002,2026-05-06,SCHEDULED,14:59:00,,,0,0,2026-06-22 11:56:04
APT100963,P6607,PROV10460,H005,2026-05-29,COMPLETED,08:24:00,10:22:00,118,0,0,2026-06-22 11:56:04
APT100964,P5530,PROV10042,H004,2026-01-06,SCHEDULED,13:02:00,,,0,0,2026-06-22 11:56:04
APT100965,P5708,PROV10454,H001,2026-01-16,CANCELLED,14:02:00,15:04:00,62,1,0,2026-06-22 11:56:04
APT100966,P2760,PROV10161,H002,2026-06-18,SCHEDULED,14:50:00,,,0,0,2026-06-22 11:56:04
APT100967,P3647,PROV10367,H001,2026-03-06,CANCELLED,16:30:00,16:53:00,23,1,0,2026-06-22 11:56:04
APT100968,P2568,PROV10419,H002,2026-03-13,SCHEDULED,16:43:00,,,0,0,2026-06-22 11:56:04
APT100969,P6221,PROV10232,H001,2026-06-02,SCHEDULED,17:43:00,,,0,0,2026-06-22 11:56:04
APT100970,P6889,PROV10182,H004,2026-02-12,NO_SHOW,15:46:00,17:14:00,88,0,1,2026-06-22 11:56:04
APT100971,P6767,PROV10430,H001,2026-04-12,SCHEDULED,15:00:00,,,0,0,2026-06-22 11:56:04
APT100972,P6272,PROV10190,H002,2026-03-08,COMPLETED,16:18:00,17:21:00,63,0,0,2026-06-22 11:56:04
APT100973,P2867,PROV10117,H001,2026-06-13,RESCHEDULED,08:51:00,,,0,0,2026-06-22 11:56:04
APT100974,P6546,PROV10198,H003,2026-06-26,COMPLETED,12:03:00,13:19:00,76,0,0,2026-06-22 11:56:04
APT100975,P2271,PROV10368,H005,2026-06-17,COMPLETED,09:54:00,10:50:00,56,0,0,2026-06-22 11:56:04
APT100976,P2865,PROV10113,H003,2026-04-06,RESCHEDULED,08:30:00,,,0,0,2026-06-22 11:56:04
APT100977,P3418,PROV10296,H004,2026-03-01,CANCELLED,16:25:00,18:14:00,109,1,0,2026-06-22 11:56:04
APT100978,P4654,PROV10402,H002,2026-01-25,NO_SHOW,14:38:00,14:58:00,20,0,1,2026-06-22 11:56:04
APT100979,P6279,PROV10351,H002,2026-01-01,SCHEDULED,10:14:00,,,0,0,2026-06-22 11:56:04
APT100980,P4979,PROV10150,H003,2026-03-07,SCHEDULED,08:32:00,,,0,0,2026-06-22 11:56:04
APT100981,P6026,PROV10025,H002,2026-05-10,SCHEDULED,14:24:00,,,0,0,2026-06-22 11:56:04
APT100982,P5107,PROV10164,H001,2026-02-05,NO_SHOW,11:13:00,12:06:00,53,0,1,2026-06-22 11:56:04
APT100983,P2329,PROV10422,H004,2026-03-08,SCHEDULED,15:34:00,,,0,0,2026-06-22 11:56:04
APT100984,P5283,PROV10292,H003,2026-06-01,RESCHEDULED,15:08:00,,,0,0,2026-06-22 11:56:04
APT100985,P3056,PROV10458,H005,2026-05-21,NO_SHOW,09:07:00,10:09:00,62,0,1,2026-06-22 11:56:04
APT100986,P4307,PROV10088,H004,2026-06-06,COMPLETED,14:02:00,14:28:00,26,0,0,2026-06-22 11:56:04
APT100987,P3806,PROV10147,H001,2026-05-30,CANCELLED,09:54:00,10:24:00,30,1,0,2026-06-22 11:56:04
APT100988,P4830,PROV10181,H003,2026-03-23,RESCHEDULED,16:42:00,,,0,0,2026-06-22 11:56:04
APT100989,P6039,PROV10242,H003,2026-01-14,COMPLETED,14:04:00,14:18:00,14,0,0,2026-06-22 11:56:04
APT100990,P5574,PROV10064,H001,2026-05-30,RESCHEDULED,10:58:00,,,0,0,2026-06-22 11:56:04
APT100991,P2974,PROV10070,H004,2026-06-19,NO_SHOW,13:53:00,14:21:00,28,0,1,2026-06-22 11:56:04
APT100992,P2980,PROV10382,H003,2026-06-22,COMPLETED,10:37:00,12:15:00,98,0,0,2026-06-22 11:56:04
APT100993,P6094,PROV10253,H005,2026-02-21,RESCHEDULED,16:46:00,,,0,0,2026-06-22 11:56:04
APT100994,P3517,PROV10420,H002,2026-01-28,RESCHEDULED,17:26:00,,,0,0,2026-06-22 11:56:04
APT100995,P2606,PROV10252,H005,2026-05-05,NO_SHOW,16:39:00,18:19:00,100,0,1,2026-06-22 11:56:04
APT100996,P6113,PROV10086,H003,2026-05-20,SCHEDULED,17:00:00,,,0,0,2026-06-22 11:56:04
APT100997,P5088,PROV10275,H003,2026-02-24,NO_SHOW,14:02:00,15:17:00,75,0,1,2026-06-22 11:56:04
APT100998,P6179,PROV10213,H003,2026-05-13,CANCELLED,13:49:00,15:48:00,119,1,0,2026-06-22 11:56:04
APT100999,P6228,PROV10016,H005,2026-05-20,SCHEDULED,08:59:00,,,0,0,2026-06-22 11:56:04
APT101000,P3221,PROV10020,H002,2026-01-09,INVALID_STATUS,12:56:00,,,0,0,2026-06-22 11:56:04
