claim_id,patient_id,insurance_id,claim_amount,claim_status,claim_date,ingestion_timestamp
C6001,P2001,INS-A100,500.00,APPROVED,2026-01-01,2026-06-11 14:00:01
C6002,P2002,INS-B101,750.00,DENIED,2026-01-02,2026-06-11 14:00:02
C6003,P2003,INS-C102,1000.00,PENDING,2026-01-03,2026-06-11 14:00:03
C6004,P2004,INS-D103,1250.00,APPROVED,2026-01-04,2026-06-11 14:00:04
C6005,P2005,INS-E104,1500.00,DENIED,2026-01-05,2026-06-11 14:00:05
C6006,P2006,INS-F105,1750.00,PENDING,2026-01-06,2026-06-11 14:00:06
C6007,P2007,INS-G106,2000.00,APPROVED,2026-01-07,2026-06-11 14:00:07
C6008,P2008,INS-H107,2250.00,DENIED,2026-01-08,2026-06-11 14:00:08
C6009,P2009,INS-I108,2500.00,PENDING,2026-01-09,2026-06-11 14:00:09
C6010,P2010,INS-J109,2750.00,APPROVED,2026-01-10,2026-06-11 14:00:10
C6011,P2011,INS-K110,3000.00,DENIED,2026-01-11,2026-06-11 14:00:11
C6012,P2012,INS-L111,3250.00,PENDING,2026-01-12,2026-06-11 14:00:12
C6013,P2013,INS-M112,3500.00,APPROVED,2026-01-13,2026-06-11 14:00:13
C6014,P2014,INS-N113,3750.00,DENIED,2026-01-14,2026-06-11 14:00:14
C6015,P2015,INS-O114,4000.00,PENDING,2026-01-15,2026-06-11 14:00:15
C6016,P2016,INS-P115,4250.00,APPROVED,2026-01-16,2026-06-11 14:00:16
C6017,P2017,INS-Q116,4500.00,DENIED,2026-01-17,2026-06-11 14:00:17
C6018,P2018,INS-R117,4750.00,PENDING,2026-01-18,2026-06-11 14:00:18
C6019,P2019,INS-S118,5000.00,APPROVED,2026-01-19,2026-06-11 14:00:19
C6020,P2020,INS-T119,5250.00,DENIED,2026-01-20,2026-06-11 14:00:20
C6021,P2021,INS-U120,5500.00,PENDING,2026-01-21,2026-06-11 14:00:21
C6022,P2022,INS-V121,5750.00,APPROVED,2026-01-22,2026-06-11 14:00:22
C6023,P2023,INS-W122,6000.00,DENIED,2026-01-23,2026-06-11 14:00:23
C6024,P2024,INS-X123,6250.00,PENDING,2026-01-24,2026-06-11 14:00:24
C6025,P2025,INS-Y124,6500.00,APPROVED,2026-01-25,2026-06-11 14:00:25
C6026,P2026,INS-Z125,6750.00,DENIED,2026-01-26,2026-06-11 14:00:26
C6027,P2027,INS-A126,7000.00,PENDING,2026-01-27,2026-06-11 14:00:27
C6028,P2028,INS-B127,7250.00,APPROVED,2026-01-28,2026-06-11 14:00:28
C6029,P2029,INS-C128,7500.00,DENIED,2026-01-29,2026-06-11 14:00:29
C6030,P2030,INS-D129,7750.00,PENDING,2026-01-30,2026-06-11 14:00:30
C6031,P2031,INS-E130,8000.00,APPROVED,2026-01-31,2026-06-11 14:00:31
C6032,P2032,INS-F131,8250.00,DENIED,2026-02-01,2026-06-11 14:00:32
C6033,P2033,INS-G132,8500.00,PENDING,2026-02-02,2026-06-11 14:00:33
C6034,P2034,INS-H133,8750.00,APPROVED,2026-02-03,2026-06-11 14:00:34
C6035,P2035,INS-I134,9000.00,DENIED,2026-02-04,2026-06-11 14:00:35
C6036,P2036,INS-J135,9250.00,PENDING,2026-02-05,2026-06-11 14:00:36
C6037,P2037,INS-K136,9500.00,APPROVED,2026-02-06,2026-06-11 14:00:37
C6038,P2038,INS-L137,9750.00,DENIED,2026-02-07,2026-06-11 14:00:38
C6039,P2039,INS-M138,10000.00,PENDING,2026-02-08,2026-06-11 14:00:39
C6040,P2040,INS-N139,10250.00,APPROVED,2026-02-09,2026-06-11 14:00:40
C6041,P2041,INS-O140,10500.00,DENIED,2026-02-10,2026-06-11 14:00:41
C6042,P2042,INS-P141,10750.00,PENDING,2026-02-11,2026-06-11 14:00:42
C6043,P2043,INS-Q142,11000.00,APPROVED,2026-02-12,2026-06-11 14:00:43
C6044,P2044,INS-R143,11250.00,DENIED,2026-02-13,2026-06-11 14:00:44
C6045,P2045,INS-S144,11500.00,PENDING,2026-02-14,2026-06-11 14:00:45
C6046,P2046,INS-T145,11750.00,APPROVED,2026-02-15,2026-06-11 14:00:46
C6047,P2047,INS-U146,12000.00,DENIED,2026-02-16,2026-06-11 14:00:47
C6048,P2048,INS-V147,12250.00,PENDING,2026-02-17,2026-06-11 14:00:48
C6049,P2049,INS-W148,12500.00,APPROVED,2026-02-18,2026-06-11 14:00:49
C6050,P2050,INS-X149,12750.00,DENIED,2026-02-19,2026-06-11 14:00:50
C6051,P2051,INS-Y150,13000.00,PENDING,2026-02-20,2026-06-11 14:00:51
C6052,P2052,INS-Z151,13250.00,APPROVED,2026-02-21,2026-06-11 14:00:52
C6053,P2053,INS-A152,13500.00,DENIED,2026-02-22,2026-06-11 14:00:53
C6054,P2054,INS-B153,13750.00,PENDING,2026-02-23,2026-06-11 14:00:54
C6055,P2055,INS-C154,14000.00,APPROVED,2026-02-24,2026-06-11 14:00:55
C6056,P2056,INS-D155,14250.00,DENIED,2026-02-25,2026-06-11 14:00:56
C6057,P2057,INS-E156,14500.00,PENDING,2026-02-26,2026-06-11 14:00:57
C6058,P2058,INS-F157,14750.00,APPROVED,2026-02-27,2026-06-11 14:00:58
C6059,P2059,INS-G158,15000.00,DENIED,2026-02-28,2026-06-11 14:00:59
C6060,P2060,INS-H159,15250.00,PENDING,2026-03-01,2026-06-11 14:01:00
C6061,P2061,INS-I160,15500.00,APPROVED,2026-03-02,2026-06-11 14:01:01
C6062,P2062,INS-J161,15750.00,DENIED,2026-03-03,2026-06-11 14:01:02
C6063,P2063,INS-K162,16000.00,PENDING,2026-03-04,2026-06-11 14:01:03
C6064,P2064,INS-L163,16250.00,APPROVED,2026-03-05,2026-06-11 14:01:04
C6065,P2065,INS-M164,16500.00,DENIED,2026-03-06,2026-06-11 14:01:05
C6066,P2066,INS-N165,16750.00,PENDING,2026-03-07,2026-06-11 14:01:06
C6067,P2067,INS-O166,17000.00,APPROVED,2026-03-08,2026-06-11 14:01:07
C6068,P2068,INS-P167,17250.00,DENIED,2026-03-09,2026-06-11 14:01:08
C6069,P2069,INS-Q168,17500.00,PENDING,2026-03-10,2026-06-11 14:01:09
C6070,P2070,INS-R169,17750.00,APPROVED,2026-03-11,2026-06-11 14:01:10
C6071,P2071,INS-S170,18000.00,DENIED,2026-03-12,2026-06-11 14:01:11
C6072,P2072,INS-T171,18250.00,PENDING,2026-03-13,2026-06-11 14:01:12
C6073,P2073,INS-U172,18500.00,APPROVED,2026-03-14,2026-06-11 14:01:13
C6074,P2074,INS-V173,18750.00,DENIED,2026-03-15,2026-06-11 14:01:14
C6075,P2075,INS-W174,19000.00,PENDING,2026-03-16,2026-06-11 14:01:15
C6076,P2076,INS-X175,19250.00,APPROVED,2026-03-17,2026-06-11 14:01:16
C6077,P2077,INS-Y176,19500.00,DENIED,2026-03-18,2026-06-11 14:01:17
C6078,P2078,INS-Z177,19750.00,PENDING,2026-03-19,2026-06-11 14:01:18
C6079,P2079,INS-A178,20000.00,APPROVED,2026-03-20,2026-06-11 14:01:19
C6080,P2080,INS-B179,20250.00,DENIED,2026-03-21,2026-06-11 14:01:20
C6081,P2081,INS-C180,20500.00,PENDING,2026-03-22,2026-06-11 14:01:21
C6082,P2082,INS-D181,20750.00,APPROVED,2026-03-23,2026-06-11 14:01:22
C6083,P2083,INS-E182,21000.00,DENIED,2026-03-24,2026-06-11 14:01:23
C6084,P2084,INS-F183,21250.00,PENDING,2026-03-25,2026-06-11 14:01:24
C6085,P2085,INS-G184,21500.00,APPROVED,2026-03-26,2026-06-11 14:01:25
C6086,P2086,INS-H185,21750.00,DENIED,2026-03-27,2026-06-11 14:01:26
C6087,P2087,INS-I186,22000.00,PENDING,2026-03-28,2026-06-11 14:01:27
C6088,P2088,INS-J187,22250.00,APPROVED,2026-03-29,2026-06-11 14:01:28
C6089,P2089,INS-K188,22500.00,DENIED,2026-03-30,2026-06-11 14:01:29
C6090,P2090,INS-L189,22750.00,PENDING,2026-03-31,2026-06-11 14:01:30
C6091,P2091,INS-M190,23000.00,APPROVED,2026-04-01,2026-06-11 14:01:31
C6092,P2092,INS-N191,23250.00,DENIED,2026-04-02,2026-06-11 14:01:32
C6093,P2093,INS-O192,23500.00,PENDING,2026-04-03,2026-06-11 14:01:33
C6094,P2094,INS-P193,23750.00,APPROVED,2026-04-04,2026-06-11 14:01:34
C6095,P2095,INS-Q194,24000.00,DENIED,2026-04-05,2026-06-11 14:01:35
C6096,P2096,INS-R195,24250.00,PENDING,2026-04-06,2026-06-11 14:01:36
C6097,P2097,INS-S196,24500.00,APPROVED,2026-04-07,2026-06-11 14:01:37
C6098,P2098,INS-T197,24750.00,DENIED,2026-04-08,2026-06-11 14:01:38
C6099,P2099,INS-U198,25000.00,PENDING,2026-04-09,2026-06-11 14:01:39
C6100,P2100,INS-V199,25250.00,APPROVED,2026-04-10,2026-06-11 14:01:40
C6101,P2101,INS-W200,500.00,DENIED,2026-04-11,2026-06-11 14:01:41
C6102,P2102,INS-X201,750.00,PENDING,2026-04-12,2026-06-11 14:01:42
C6103,P2103,INS-Y202,1000.00,APPROVED,2026-04-13,2026-06-11 14:01:43
C6104,P2104,INS-Z203,1250.00,DENIED,2026-04-14,2026-06-11 14:01:44
C6105,P2105,INS-A204,1500.00,PENDING,2026-04-15,2026-06-11 14:01:45
C6106,P2106,INS-B205,1750.00,APPROVED,2026-04-16,2026-06-11 14:01:46
C6107,P2107,INS-C206,2000.00,DENIED,2026-04-17,2026-06-11 14:01:47
C6108,P2108,INS-D207,2250.00,PENDING,2026-04-18,2026-06-11 14:01:48
C6109,P2109,INS-E208,2500.00,APPROVED,2026-04-19,2026-06-11 14:01:49
C6110,P2110,INS-F209,2750.00,DENIED,2026-04-20,2026-06-11 14:01:50
C6111,P2111,INS-G210,3000.00,PENDING,2026-04-21,2026-06-11 14:01:51
C6112,P2112,INS-H211,3250.00,APPROVED,2026-04-22,2026-06-11 14:01:52
C6113,P2113,INS-I212,3500.00,DENIED,2026-04-23,2026-06-11 14:01:53
C6114,P2114,INS-J213,3750.00,PENDING,2026-04-24,2026-06-11 14:01:54
C6115,P2115,INS-K214,4000.00,APPROVED,2026-04-25,2026-06-11 14:01:55
C6116,P2116,INS-L215,4250.00,DENIED,2026-04-26,2026-06-11 14:01:56
C6117,P2117,INS-M216,4500.00,PENDING,2026-04-27,2026-06-11 14:01:57
C6118,P2118,INS-N217,4750.00,APPROVED,2026-04-28,2026-06-11 14:01:58
C6119,P2119,INS-O218,5000.00,DENIED,2026-04-29,2026-06-11 14:01:59
C6120,P2120,INS-P219,5250.00,PENDING,2026-04-30,2026-06-11 14:02:00
C6121,P2121,INS-Q220,5500.00,APPROVED,2026-05-01,2026-06-11 14:02:01
C6122,P2122,INS-R221,5750.00,DENIED,2026-05-02,2026-06-11 14:02:02
C6123,P2123,INS-S222,6000.00,PENDING,2026-05-03,2026-06-11 14:02:03
C6124,P2124,INS-T223,6250.00,APPROVED,2026-05-04,2026-06-11 14:02:04
C6125,P2125,INS-U224,6500.00,DENIED,2026-05-05,2026-06-11 14:02:05
C6126,P2126,INS-V225,6750.00,PENDING,2026-05-06,2026-06-11 14:02:06
C6127,P2127,INS-W226,7000.00,APPROVED,2026-05-07,2026-06-11 14:02:07
C6128,P2128,INS-X227,7250.00,DENIED,2026-05-08,2026-06-11 14:02:08
C6129,P2129,INS-Y228,7500.00,PENDING,2026-05-09,2026-06-11 14:02:09
C6130,P2130,INS-Z229,7750.00,APPROVED,2026-05-10,2026-06-11 14:02:10
C6131,P2131,INS-A230,8000.00,DENIED,2026-05-11,2026-06-11 14:02:11
C6132,P2132,INS-B231,8250.00,PENDING,2026-05-12,2026-06-11 14:02:12
C6133,P2133,INS-C232,8500.00,APPROVED,2026-05-13,2026-06-11 14:02:13
C6134,P2134,INS-D233,8750.00,DENIED,2026-05-14,2026-06-11 14:02:14
C6135,P2135,INS-E234,9000.00,PENDING,2026-05-15,2026-06-11 14:02:15
C6136,P2136,INS-F235,9250.00,APPROVED,2026-05-16,2026-06-11 14:02:16
C6137,P2137,INS-G236,9500.00,DENIED,2026-05-17,2026-06-11 14:02:17
C6138,P2138,INS-H237,9750.00,PENDING,2026-05-18,2026-06-11 14:02:18
C6139,P2139,INS-I238,10000.00,APPROVED,2026-05-19,2026-06-11 14:02:19
C6140,P2140,INS-J239,10250.00,DENIED,2026-05-20,2026-06-11 14:02:20
C6141,P2141,INS-K240,10500.00,PENDING,2026-05-21,2026-06-11 14:02:21
C6142,P2142,INS-L241,10750.00,APPROVED,2026-05-22,2026-06-11 14:02:22
C6143,P2143,INS-M242,11000.00,DENIED,2026-05-23,2026-06-11 14:02:23
C6144,P2144,INS-N243,11250.00,PENDING,2026-05-24,2026-06-11 14:02:24
C6145,P2145,INS-O244,11500.00,APPROVED,2026-05-25,2026-06-11 14:02:25
C6146,P2146,INS-P245,11750.00,DENIED,2026-05-26,2026-06-11 14:02:26
C6147,P2147,INS-Q246,12000.00,PENDING,2026-05-27,2026-06-11 14:02:27
C6148,P2148,INS-R247,12250.00,APPROVED,2026-05-28,2026-06-11 14:02:28
C6149,P2149,INS-S248,12500.00,DENIED,2026-05-29,2026-06-11 14:02:29
C6150,P2150,INS-T249,12750.00,PENDING,2026-05-30,2026-06-11 14:02:30
C6151,P2151,INS-U250,13000.00,APPROVED,2026-05-31,2026-06-11 14:02:31
C6152,P2152,INS-V251,13250.00,DENIED,2026-06-01,2026-06-11 14:02:32
C6153,P2153,INS-W252,13500.00,PENDING,2026-06-02,2026-06-11 14:02:33
C6154,P2154,INS-X253,13750.00,APPROVED,2026-06-03,2026-06-11 14:02:34
C6155,P2155,INS-Y254,14000.00,DENIED,2026-06-04,2026-06-11 14:02:35
C6156,P2156,INS-Z255,14250.00,PENDING,2026-06-05,2026-06-11 14:02:36
C6157,P2157,INS-A256,14500.00,APPROVED,2026-06-06,2026-06-11 14:02:37
C6158,P2158,INS-B257,14750.00,DENIED,2026-06-07,2026-06-11 14:02:38
C6159,P2159,INS-C258,15000.00,PENDING,2026-06-08,2026-06-11 14:02:39
C6160,P2160,INS-D259,15250.00,APPROVED,2026-06-09,2026-06-11 14:02:40
C6161,P2161,INS-E260,15500.00,DENIED,2026-06-10,2026-06-11 14:02:41
C6162,P2162,INS-F261,15750.00,PENDING,2026-06-11,2026-06-11 14:02:42
C6163,P2163,INS-G262,16000.00,APPROVED,2026-06-12,2026-06-11 14:02:43
C6164,P2164,INS-H263,16250.00,DENIED,2026-06-13,2026-06-11 14:02:44
C6165,P2165,INS-I264,16500.00,PENDING,2026-06-14,2026-06-11 14:02:45
C6166,P2166,INS-J265,16750.00,APPROVED,2026-06-15,2026-06-11 14:02:46
C6167,P2167,INS-K266,17000.00,DENIED,2026-06-16,2026-06-11 14:02:47
C6168,P2168,INS-L267,17250.00,PENDING,2026-06-17,2026-06-11 14:02:48
C6169,P2169,INS-M268,17500.00,APPROVED,2026-06-18,2026-06-11 14:02:49
C6170,P2170,INS-N269,17750.00,DENIED,2026-06-19,2026-06-11 14:02:50
C6171,P2171,INS-O270,18000.00,PENDING,2026-06-20,2026-06-11 14:02:51
C6172,P2172,INS-P271,18250.00,APPROVED,2026-06-21,2026-06-11 14:02:52
C6173,P2173,INS-Q272,18500.00,DENIED,2026-06-22,2026-06-11 14:02:53
C6174,P2174,INS-R273,18750.00,PENDING,2026-06-23,2026-06-11 14:02:54
C6175,P2175,INS-S274,19000.00,APPROVED,2026-06-24,2026-06-11 14:02:55
C6176,P2176,INS-T275,19250.00,DENIED,2026-06-25,2026-06-11 14:02:56
C6177,P2177,INS-U276,19500.00,PENDING,2026-06-26,2026-06-11 14:02:57
C6178,P2178,INS-V277,19750.00,APPROVED,2026-06-27,2026-06-11 14:02:58
C6179,P2179,INS-W278,20000.00,DENIED,2026-06-28,2026-06-11 14:02:59
C6180,P2180,INS-X279,20250.00,PENDING,2026-06-29,2026-06-11 14:03:00
C6181,P2181,INS-Y280,20500.00,APPROVED,2026-01-01,2026-06-11 14:03:01
C6182,P2182,INS-Z281,20750.00,DENIED,2026-01-02,2026-06-11 14:03:02
C6183,P2183,INS-A282,21000.00,PENDING,2026-01-03,2026-06-11 14:03:03
C6184,P2184,INS-B283,21250.00,APPROVED,2026-01-04,2026-06-11 14:03:04
C6185,P2185,INS-C284,21500.00,DENIED,2026-01-05,2026-06-11 14:03:05
C6186,P2186,INS-D285,21750.00,PENDING,2026-01-06,2026-06-11 14:03:06
C6187,P2187,INS-E286,22000.00,APPROVED,2026-01-07,2026-06-11 14:03:07
C6188,P2188,INS-F287,22250.00,DENIED,2026-01-08,2026-06-11 14:03:08
C6189,P2189,INS-G288,22500.00,PENDING,2026-01-09,2026-06-11 14:03:09
C6190,P2190,INS-H289,22750.00,APPROVED,2026-01-10,2026-06-11 14:03:10
C6191,P2191,INS-I290,23000.00,DENIED,2026-01-11,2026-06-11 14:03:11
C6192,P2192,INS-J291,23250.00,PENDING,2026-01-12,2026-06-11 14:03:12
C6193,P2193,INS-K292,23500.00,APPROVED,2026-01-13,2026-06-11 14:03:13
C6194,P2194,INS-L293,23750.00,DENIED,2026-01-14,2026-06-11 14:03:14
C6195,P2195,INS-M294,24000.00,PENDING,2026-01-15,2026-06-11 14:03:15
C6196,P2196,INS-N295,24250.00,APPROVED,2026-01-16,2026-06-11 14:03:16
C6197,P2197,INS-O296,24500.00,DENIED,2026-01-17,2026-06-11 14:03:17
C6198,P2198,INS-P297,24750.00,PENDING,2026-01-18,2026-06-11 14:03:18
C6199,P2199,INS-Q298,25000.00,APPROVED,2026-01-19,2026-06-11 14:03:19
C6200,P2200,INS-R299,25250.00,DENIED,2026-01-20,2026-06-11 14:03:20
C6201,P2201,INS-S300,500.00,PENDING,2026-01-21,2026-06-11 14:03:21
C6202,P2202,INS-T301,750.00,APPROVED,2026-01-22,2026-06-11 14:03:22
C6203,P2203,INS-U302,1000.00,DENIED,2026-01-23,2026-06-11 14:03:23
C6204,P2204,INS-V303,1250.00,PENDING,2026-01-24,2026-06-11 14:03:24
C6205,P2205,INS-W304,1500.00,APPROVED,2026-01-25,2026-06-11 14:03:25
C6206,P2206,INS-X305,1750.00,DENIED,2026-01-26,2026-06-11 14:03:26
C6207,P2207,INS-Y306,2000.00,PENDING,2026-01-27,2026-06-11 14:03:27
C6208,P2208,INS-Z307,2250.00,APPROVED,2026-01-28,2026-06-11 14:03:28
C6209,P2209,INS-A308,2500.00,DENIED,2026-01-29,2026-06-11 14:03:29
C6210,P2210,INS-B309,2750.00,PENDING,2026-01-30,2026-06-11 14:03:30
C6211,P2211,INS-C310,3000.00,APPROVED,2026-01-31,2026-06-11 14:03:31
C6212,P2212,INS-D311,3250.00,DENIED,2026-02-01,2026-06-11 14:03:32
C6213,P2213,INS-E312,3500.00,PENDING,2026-02-02,2026-06-11 14:03:33
C6214,P2214,INS-F313,3750.00,APPROVED,2026-02-03,2026-06-11 14:03:34
C6215,P2215,INS-G314,4000.00,DENIED,2026-02-04,2026-06-11 14:03:35
C6216,P2216,INS-H315,4250.00,PENDING,2026-02-05,2026-06-11 14:03:36
C6217,P2217,INS-I316,4500.00,APPROVED,2026-02-06,2026-06-11 14:03:37
C6218,P2218,INS-J317,4750.00,DENIED,2026-02-07,2026-06-11 14:03:38
C6219,P2219,INS-K318,5000.00,PENDING,2026-02-08,2026-06-11 14:03:39
C6220,P2220,INS-L319,5250.00,APPROVED,2026-02-09,2026-06-11 14:03:40
C6221,P2221,INS-M320,5500.00,DENIED,2026-02-10,2026-06-11 14:03:41
C6222,P2222,INS-N321,5750.00,PENDING,2026-02-11,2026-06-11 14:03:42
C6223,P2223,INS-O322,6000.00,APPROVED,2026-02-12,2026-06-11 14:03:43
C6224,P2224,INS-P323,6250.00,DENIED,2026-02-13,2026-06-11 14:03:44
C6225,P2225,INS-Q324,6500.00,PENDING,2026-02-14,2026-06-11 14:03:45
C6226,P2226,INS-R325,6750.00,APPROVED,2026-02-15,2026-06-11 14:03:46
C6227,P2227,INS-S326,7000.00,DENIED,2026-02-16,2026-06-11 14:03:47
C6228,P2228,INS-T327,7250.00,PENDING,2026-02-17,2026-06-11 14:03:48
C6229,P2229,INS-U328,7500.00,APPROVED,2026-02-18,2026-06-11 14:03:49
C6230,P2230,INS-V329,7750.00,DENIED,2026-02-19,2026-06-11 14:03:50
C6231,P2231,INS-W330,8000.00,PENDING,2026-02-20,2026-06-11 14:03:51
C6232,P2232,INS-X331,8250.00,APPROVED,2026-02-21,2026-06-11 14:03:52
C6233,P2233,INS-Y332,8500.00,DENIED,2026-02-22,2026-06-11 14:03:53
C6234,P2234,INS-Z333,8750.00,PENDING,2026-02-23,2026-06-11 14:03:54
C6235,P2235,INS-A334,9000.00,APPROVED,2026-02-24,2026-06-11 14:03:55
C6236,P2236,INS-B335,9250.00,DENIED,2026-02-25,2026-06-11 14:03:56
C6237,P2237,INS-C336,9500.00,PENDING,2026-02-26,2026-06-11 14:03:57
C6238,P2238,INS-D337,9750.00,APPROVED,2026-02-27,2026-06-11 14:03:58
C6239,P2239,INS-E338,10000.00,DENIED,2026-02-28,2026-06-11 14:03:59
C6240,P2240,INS-F339,10250.00,PENDING,2026-03-01,2026-06-11 14:04:00
C6241,P2241,INS-G340,10500.00,APPROVED,2026-03-02,2026-06-11 14:04:01
C6242,P2242,INS-H341,10750.00,DENIED,2026-03-03,2026-06-11 14:04:02
C6243,P2243,INS-I342,11000.00,PENDING,2026-03-04,2026-06-11 14:04:03
C6244,P2244,INS-J343,11250.00,APPROVED,2026-03-05,2026-06-11 14:04:04
C6245,P2245,INS-K344,11500.00,DENIED,2026-03-06,2026-06-11 14:04:05
C6246,P2246,INS-L345,11750.00,PENDING,2026-03-07,2026-06-11 14:04:06
C6247,P2247,INS-M346,12000.00,APPROVED,2026-03-08,2026-06-11 14:04:07
C6248,P2248,INS-N347,12250.00,DENIED,2026-03-09,2026-06-11 14:04:08
C6249,P2249,INS-O348,12500.00,PENDING,2026-03-10,2026-06-11 14:04:09
C6250,P2250,INS-P349,12750.00,APPROVED,2026-03-11,2026-06-11 14:04:10
C6251,P2251,INS-Q350,13000.00,DENIED,2026-03-12,2026-06-11 14:04:11
C6252,P2252,INS-R351,13250.00,PENDING,2026-03-13,2026-06-11 14:04:12
C6253,P2253,INS-S352,13500.00,APPROVED,2026-03-14,2026-06-11 14:04:13
C6254,P2254,INS-T353,13750.00,DENIED,2026-03-15,2026-06-11 14:04:14
C6255,P2255,INS-U354,14000.00,PENDING,2026-03-16,2026-06-11 14:04:15
C6256,P2256,INS-V355,14250.00,APPROVED,2026-03-17,2026-06-11 14:04:16
C6257,P2257,INS-W356,14500.00,DENIED,2026-03-18,2026-06-11 14:04:17
C6258,P2258,INS-X357,14750.00,PENDING,2026-03-19,2026-06-11 14:04:18
C6259,P2259,INS-Y358,15000.00,APPROVED,2026-03-20,2026-06-11 14:04:19
C6260,P2260,INS-Z359,15250.00,DENIED,2026-03-21,2026-06-11 14:04:20
C6261,P2261,INS-A360,15500.00,PENDING,2026-03-22,2026-06-11 14:04:21
C6262,P2262,INS-B361,15750.00,APPROVED,2026-03-23,2026-06-11 14:04:22
C6263,P2263,INS-C362,16000.00,DENIED,2026-03-24,2026-06-11 14:04:23
C6264,P2264,INS-D363,16250.00,PENDING,2026-03-25,2026-06-11 14:04:24
C6265,P2265,INS-E364,16500.00,APPROVED,2026-03-26,2026-06-11 14:04:25
C6266,P2266,INS-F365,16750.00,DENIED,2026-03-27,2026-06-11 14:04:26
C6267,P2267,INS-G366,17000.00,PENDING,2026-03-28,2026-06-11 14:04:27
C6268,P2268,INS-H367,17250.00,APPROVED,2026-03-29,2026-06-11 14:04:28
C6269,P2269,INS-I368,17500.00,DENIED,2026-03-30,2026-06-11 14:04:29
C6270,P2270,INS-J369,17750.00,PENDING,2026-03-31,2026-06-11 14:04:30
C6271,P2271,INS-K370,18000.00,APPROVED,2026-04-01,2026-06-11 14:04:31
C6272,P2272,INS-L371,18250.00,DENIED,2026-04-02,2026-06-11 14:04:32
C6273,P2273,INS-M372,18500.00,PENDING,2026-04-03,2026-06-11 14:04:33
C6274,P2274,INS-N373,18750.00,APPROVED,2026-04-04,2026-06-11 14:04:34
C6275,P2275,INS-O374,19000.00,DENIED,2026-04-05,2026-06-11 14:04:35
C6276,P2276,INS-P375,19250.00,PENDING,2026-04-06,2026-06-11 14:04:36
C6277,P2277,INS-Q376,19500.00,APPROVED,2026-04-07,2026-06-11 14:04:37
C6278,P2278,INS-R377,19750.00,DENIED,2026-04-08,2026-06-11 14:04:38
C6279,P2279,INS-S378,20000.00,PENDING,2026-04-09,2026-06-11 14:04:39
C6280,P2280,INS-T379,20250.00,APPROVED,2026-04-10,2026-06-11 14:04:40
C6281,P2281,INS-U380,20500.00,DENIED,2026-04-11,2026-06-11 14:04:41
C6282,P2282,INS-V381,20750.00,PENDING,2026-04-12,2026-06-11 14:04:42
C6283,P2283,INS-W382,21000.00,APPROVED,2026-04-13,2026-06-11 14:04:43
C6284,P2284,INS-X383,21250.00,DENIED,2026-04-14,2026-06-11 14:04:44
C6285,P2285,INS-Y384,21500.00,PENDING,2026-04-15,2026-06-11 14:04:45
C6286,P2286,INS-Z385,21750.00,APPROVED,2026-04-16,2026-06-11 14:04:46
C6287,P2287,INS-A386,22000.00,DENIED,2026-04-17,2026-06-11 14:04:47
C6288,P2288,INS-B387,22250.00,PENDING,2026-04-18,2026-06-11 14:04:48
C6289,P2289,INS-C388,22500.00,APPROVED,2026-04-19,2026-06-11 14:04:49
C6290,P2290,INS-D389,22750.00,DENIED,2026-04-20,2026-06-11 14:04:50
C6291,P2291,INS-E390,23000.00,PENDING,2026-04-21,2026-06-11 14:04:51
C6292,P2292,INS-F391,23250.00,APPROVED,2026-04-22,2026-06-11 14:04:52
C6293,P2293,INS-G392,23500.00,DENIED,2026-04-23,2026-06-11 14:04:53
C6294,P2294,INS-H393,23750.00,PENDING,2026-04-24,2026-06-11 14:04:54
C6295,P2295,INS-I394,24000.00,APPROVED,2026-04-25,2026-06-11 14:04:55
C6296,P2296,INS-J395,24250.00,DENIED,2026-04-26,2026-06-11 14:04:56
C6297,P2297,INS-K396,24500.00,PENDING,2026-04-27,2026-06-11 14:04:57
C6298,P2298,INS-L397,24750.00,APPROVED,2026-04-28,2026-06-11 14:04:58
C6299,P2299,INS-M398,25000.00,DENIED,2026-04-29,2026-06-11 14:04:59
C6300,P2300,INS-N399,25250.00,PENDING,2026-04-30,2026-06-11 14:05:00
C6301,P2301,INS-O400,500.00,APPROVED,2026-05-01,2026-06-11 14:05:01
C6302,P2302,INS-P401,750.00,DENIED,2026-05-02,2026-06-11 14:05:02
C6303,P2303,INS-Q402,1000.00,PENDING,2026-05-03,2026-06-11 14:05:03
C6304,P2304,INS-R403,1250.00,APPROVED,2026-05-04,2026-06-11 14:05:04
C6305,P2305,INS-S404,1500.00,DENIED,2026-05-05,2026-06-11 14:05:05
C6306,P2306,INS-T405,1750.00,PENDING,2026-05-06,2026-06-11 14:05:06
C6307,P2307,INS-U406,2000.00,APPROVED,2026-05-07,2026-06-11 14:05:07
C6308,P2308,INS-V407,2250.00,DENIED,2026-05-08,2026-06-11 14:05:08
C6309,P2309,INS-W408,2500.00,PENDING,2026-05-09,2026-06-11 14:05:09
C6310,P2310,INS-X409,2750.00,APPROVED,2026-05-10,2026-06-11 14:05:10
C6311,P2311,INS-Y410,3000.00,DENIED,2026-05-11,2026-06-11 14:05:11
C6312,P2312,INS-Z411,3250.00,PENDING,2026-05-12,2026-06-11 14:05:12
C6313,P2313,INS-A412,3500.00,APPROVED,2026-05-13,2026-06-11 14:05:13
C6314,P2314,INS-B413,3750.00,DENIED,2026-05-14,2026-06-11 14:05:14
C6315,P2315,INS-C414,4000.00,PENDING,2026-05-15,2026-06-11 14:05:15
C6316,P2316,INS-D415,4250.00,APPROVED,2026-05-16,2026-06-11 14:05:16
C6317,P2317,INS-E416,4500.00,DENIED,2026-05-17,2026-06-11 14:05:17
C6318,P2318,INS-F417,4750.00,PENDING,2026-05-18,2026-06-11 14:05:18
C6319,P2319,INS-G418,5000.00,APPROVED,2026-05-19,2026-06-11 14:05:19
C6320,P2320,INS-H419,5250.00,DENIED,2026-05-20,2026-06-11 14:05:20
C6321,P2321,INS-I420,5500.00,PENDING,2026-05-21,2026-06-11 14:05:21
C6322,P2322,INS-J421,5750.00,APPROVED,2026-05-22,2026-06-11 14:05:22
C6323,P2323,INS-K422,6000.00,DENIED,2026-05-23,2026-06-11 14:05:23
C6324,P2324,INS-L423,6250.00,PENDING,2026-05-24,2026-06-11 14:05:24
C6325,P2325,INS-M424,6500.00,APPROVED,2026-05-25,2026-06-11 14:05:25
C6326,P2326,INS-N425,6750.00,DENIED,2026-05-26,2026-06-11 14:05:26
C6327,P2327,INS-O426,7000.00,PENDING,2026-05-27,2026-06-11 14:05:27
C6328,P2328,INS-P427,7250.00,APPROVED,2026-05-28,2026-06-11 14:05:28
C6329,P2329,INS-Q428,7500.00,DENIED,2026-05-29,2026-06-11 14:05:29
C6330,P2330,INS-R429,7750.00,PENDING,2026-05-30,2026-06-11 14:05:30
C6331,P2331,INS-S430,8000.00,APPROVED,2026-05-31,2026-06-11 14:05:31
C6332,P2332,INS-T431,8250.00,DENIED,2026-06-01,2026-06-11 14:05:32
C6333,P2333,INS-U432,8500.00,PENDING,2026-06-02,2026-06-11 14:05:33
C6334,P2334,INS-V433,8750.00,APPROVED,2026-06-03,2026-06-11 14:05:34
C6335,P2335,INS-W434,9000.00,DENIED,2026-06-04,2026-06-11 14:05:35
C6336,P2336,INS-X435,9250.00,PENDING,2026-06-05,2026-06-11 14:05:36
C6337,P2337,INS-Y436,9500.00,APPROVED,2026-06-06,2026-06-11 14:05:37
C6338,P2338,INS-Z437,9750.00,DENIED,2026-06-07,2026-06-11 14:05:38
C6339,P2339,INS-A438,10000.00,PENDING,2026-06-08,2026-06-11 14:05:39
C6340,P2340,INS-B439,10250.00,APPROVED,2026-06-09,2026-06-11 14:05:40
C6341,P2341,INS-C440,10500.00,DENIED,2026-06-10,2026-06-11 14:05:41
C6342,P2342,INS-D441,10750.00,PENDING,2026-06-11,2026-06-11 14:05:42
C6343,P2343,INS-E442,11000.00,APPROVED,2026-06-12,2026-06-11 14:05:43
C6344,P2344,INS-F443,11250.00,DENIED,2026-06-13,2026-06-11 14:05:44
C6345,P2345,INS-G444,11500.00,PENDING,2026-06-14,2026-06-11 14:05:45
C6346,P2346,INS-H445,11750.00,APPROVED,2026-06-15,2026-06-11 14:05:46
C6347,P2347,INS-I446,12000.00,DENIED,2026-06-16,2026-06-11 14:05:47
C6348,P2348,INS-J447,12250.00,PENDING,2026-06-17,2026-06-11 14:05:48
C6349,P2349,INS-K448,12500.00,APPROVED,2026-06-18,2026-06-11 14:05:49
C6350,P2350,INS-L449,12750.00,DENIED,2026-06-19,2026-06-11 14:05:50
C6351,P2351,INS-M450,13000.00,PENDING,2026-06-20,2026-06-11 14:05:51
C6352,P2352,INS-N451,13250.00,APPROVED,2026-06-21,2026-06-11 14:05:52
C6353,P2353,INS-O452,13500.00,DENIED,2026-06-22,2026-06-11 14:05:53
C6354,P2354,INS-P453,13750.00,PENDING,2026-06-23,2026-06-11 14:05:54
C6355,P2355,INS-Q454,14000.00,APPROVED,2026-06-24,2026-06-11 14:05:55
C6356,P2356,INS-R455,14250.00,DENIED,2026-06-25,2026-06-11 14:05:56
C6357,P2357,INS-S456,14500.00,PENDING,2026-06-26,2026-06-11 14:05:57
C6358,P2358,INS-T457,14750.00,APPROVED,2026-06-27,2026-06-11 14:05:58
C6359,P2359,INS-U458,15000.00,DENIED,2026-06-28,2026-06-11 14:05:59
C6360,P2360,INS-V459,15250.00,PENDING,2026-06-29,2026-06-11 14:06:00
C6361,P2361,INS-W460,15500.00,APPROVED,2026-01-01,2026-06-11 14:06:01
C6362,P2362,INS-X461,15750.00,DENIED,2026-01-02,2026-06-11 14:06:02
C6363,P2363,INS-Y462,16000.00,PENDING,2026-01-03,2026-06-11 14:06:03
C6364,P2364,INS-Z463,16250.00,APPROVED,2026-01-04,2026-06-11 14:06:04
C6365,P2365,INS-A464,16500.00,DENIED,2026-01-05,2026-06-11 14:06:05
C6366,P2366,INS-B465,16750.00,PENDING,2026-01-06,2026-06-11 14:06:06
C6367,P2367,INS-C466,17000.00,APPROVED,2026-01-07,2026-06-11 14:06:07
C6368,P2368,INS-D467,17250.00,DENIED,2026-01-08,2026-06-11 14:06:08
C6369,P2369,INS-E468,17500.00,PENDING,2026-01-09,2026-06-11 14:06:09
C6370,P2370,INS-F469,17750.00,APPROVED,2026-01-10,2026-06-11 14:06:10
C6371,P2371,INS-G470,18000.00,DENIED,2026-01-11,2026-06-11 14:06:11
C6372,P2372,INS-H471,18250.00,PENDING,2026-01-12,2026-06-11 14:06:12
C6373,P2373,INS-I472,18500.00,APPROVED,2026-01-13,2026-06-11 14:06:13
C6374,P2374,INS-J473,18750.00,DENIED,2026-01-14,2026-06-11 14:06:14
C6375,P2375,INS-K474,19000.00,PENDING,2026-01-15,2026-06-11 14:06:15
C6376,P2376,INS-L475,19250.00,APPROVED,2026-01-16,2026-06-11 14:06:16
C6377,P2377,INS-M476,19500.00,DENIED,2026-01-17,2026-06-11 14:06:17
C6378,P2378,INS-N477,19750.00,PENDING,2026-01-18,2026-06-11 14:06:18
C6379,P2379,INS-O478,20000.00,APPROVED,2026-01-19,2026-06-11 14:06:19
C6380,P2380,INS-P479,20250.00,DENIED,2026-01-20,2026-06-11 14:06:20
C6381,P2381,INS-Q480,20500.00,PENDING,2026-01-21,2026-06-11 14:06:21
C6382,P2382,INS-R481,20750.00,APPROVED,2026-01-22,2026-06-11 14:06:22
C6383,P2383,INS-S482,21000.00,DENIED,2026-01-23,2026-06-11 14:06:23
C6384,P2384,INS-T483,21250.00,PENDING,2026-01-24,2026-06-11 14:06:24
C6385,P2385,INS-U484,21500.00,APPROVED,2026-01-25,2026-06-11 14:06:25
C6386,P2386,INS-V485,21750.00,DENIED,2026-01-26,2026-06-11 14:06:26
C6387,P2387,INS-W486,22000.00,PENDING,2026-01-27,2026-06-11 14:06:27
C6388,P2388,INS-X487,22250.00,APPROVED,2026-01-28,2026-06-11 14:06:28
C6389,P2389,INS-Y488,22500.00,DENIED,2026-01-29,2026-06-11 14:06:29
C6390,P2390,INS-Z489,22750.00,PENDING,2026-01-30,2026-06-11 14:06:30
C6391,P2391,INS-A490,23000.00,APPROVED,2026-01-31,2026-06-11 14:06:31
C6392,P2392,INS-B491,23250.00,DENIED,2026-02-01,2026-06-11 14:06:32
C6393,P2393,INS-C492,23500.00,PENDING,2026-02-02,2026-06-11 14:06:33
C6394,P2394,INS-D493,23750.00,APPROVED,2026-02-03,2026-06-11 14:06:34
C6395,P2395,INS-E494,24000.00,DENIED,2026-02-04,2026-06-11 14:06:35
C6396,P2396,INS-F495,24250.00,PENDING,2026-02-05,2026-06-11 14:06:36
C6397,P2397,INS-G496,24500.00,APPROVED,2026-02-06,2026-06-11 14:06:37
C6398,P2398,INS-H497,24750.00,DENIED,2026-02-07,2026-06-11 14:06:38
C6399,P2399,INS-I498,25000.00,PENDING,2026-02-08,2026-06-11 14:06:39
C6400,P2400,INS-J499,25250.00,APPROVED,2026-02-09,2026-06-11 14:06:40
C6401,P2401,INS-K500,500.00,DENIED,2026-02-10,2026-06-11 14:06:41
C6402,P2402,INS-L501,750.00,PENDING,2026-02-11,2026-06-11 14:06:42
C6403,P2403,INS-M502,1000.00,APPROVED,2026-02-12,2026-06-11 14:06:43
C6404,P2404,INS-N503,1250.00,DENIED,2026-02-13,2026-06-11 14:06:44
C6405,P2405,INS-O504,1500.00,PENDING,2026-02-14,2026-06-11 14:06:45
C6406,P2406,INS-P505,1750.00,APPROVED,2026-02-15,2026-06-11 14:06:46
C6407,P2407,INS-Q506,2000.00,DENIED,2026-02-16,2026-06-11 14:06:47
C6408,P2408,INS-R507,2250.00,PENDING,2026-02-17,2026-06-11 14:06:48
C6409,P2409,INS-S508,2500.00,APPROVED,2026-02-18,2026-06-11 14:06:49
C6410,P2410,INS-T509,2750.00,DENIED,2026-02-19,2026-06-11 14:06:50
C6411,P2411,INS-U510,3000.00,PENDING,2026-02-20,2026-06-11 14:06:51
C6412,P2412,INS-V511,3250.00,APPROVED,2026-02-21,2026-06-11 14:06:52
C6413,P2413,INS-W512,3500.00,DENIED,2026-02-22,2026-06-11 14:06:53
C6414,P2414,INS-X513,3750.00,PENDING,2026-02-23,2026-06-11 14:06:54
C6415,P2415,INS-Y514,4000.00,APPROVED,2026-02-24,2026-06-11 14:06:55
C6416,P2416,INS-Z515,4250.00,DENIED,2026-02-25,2026-06-11 14:06:56
C6417,P2417,INS-A516,4500.00,PENDING,2026-02-26,2026-06-11 14:06:57
C6418,P2418,INS-B517,4750.00,APPROVED,2026-02-27,2026-06-11 14:06:58
C6419,P2419,INS-C518,5000.00,DENIED,2026-02-28,2026-06-11 14:06:59
C6420,P2420,INS-D519,5250.00,PENDING,2026-03-01,2026-06-11 14:07:00
C6421,P2421,INS-E520,5500.00,APPROVED,2026-03-02,2026-06-11 14:07:01
C6422,P2422,INS-F521,5750.00,DENIED,2026-03-03,2026-06-11 14:07:02
C6423,P2423,INS-G522,6000.00,PENDING,2026-03-04,2026-06-11 14:07:03
C6424,P2424,INS-H523,6250.00,APPROVED,2026-03-05,2026-06-11 14:07:04
C6425,P2425,INS-I524,6500.00,DENIED,2026-03-06,2026-06-11 14:07:05
C6426,P2426,INS-J525,6750.00,PENDING,2026-03-07,2026-06-11 14:07:06
C6427,P2427,INS-K526,7000.00,APPROVED,2026-03-08,2026-06-11 14:07:07
C6428,P2428,INS-L527,7250.00,DENIED,2026-03-09,2026-06-11 14:07:08
C6429,P2429,INS-M528,7500.00,PENDING,2026-03-10,2026-06-11 14:07:09
C6430,P2430,INS-N529,7750.00,APPROVED,2026-03-11,2026-06-11 14:07:10
C6431,P2431,INS-O530,8000.00,DENIED,2026-03-12,2026-06-11 14:07:11
C6432,P2432,INS-P531,8250.00,PENDING,2026-03-13,2026-06-11 14:07:12
C6433,P2433,INS-Q532,8500.00,APPROVED,2026-03-14,2026-06-11 14:07:13
C6434,P2434,INS-R533,8750.00,DENIED,2026-03-15,2026-06-11 14:07:14
C6435,P2435,INS-S534,9000.00,PENDING,2026-03-16,2026-06-11 14:07:15
C6436,P2436,INS-T535,9250.00,APPROVED,2026-03-17,2026-06-11 14:07:16
C6437,P2437,INS-U536,9500.00,DENIED,2026-03-18,2026-06-11 14:07:17
C6438,P2438,INS-V537,9750.00,PENDING,2026-03-19,2026-06-11 14:07:18
C6439,P2439,INS-W538,10000.00,APPROVED,2026-03-20,2026-06-11 14:07:19
C6440,P2440,INS-X539,10250.00,DENIED,2026-03-21,2026-06-11 14:07:20
C6441,P2441,INS-Y540,10500.00,PENDING,2026-03-22,2026-06-11 14:07:21
C6442,P2442,INS-Z541,10750.00,APPROVED,2026-03-23,2026-06-11 14:07:22
C6443,P2443,INS-A542,11000.00,DENIED,2026-03-24,2026-06-11 14:07:23
C6444,P2444,INS-B543,11250.00,PENDING,2026-03-25,2026-06-11 14:07:24
C6445,P2445,INS-C544,11500.00,APPROVED,2026-03-26,2026-06-11 14:07:25
C6446,P2446,INS-D545,11750.00,DENIED,2026-03-27,2026-06-11 14:07:26
C6447,P2447,INS-E546,12000.00,PENDING,2026-03-28,2026-06-11 14:07:27
C6448,P2448,INS-F547,12250.00,APPROVED,2026-03-29,2026-06-11 14:07:28
C6449,P2449,INS-G548,12500.00,DENIED,2026-03-30,2026-06-11 14:07:29
C6450,P2450,INS-H549,12750.00,PENDING,2026-03-31,2026-06-11 14:07:30
C6451,P2451,INS-I550,13000.00,APPROVED,2026-04-01,2026-06-11 14:07:31
C6452,P2452,INS-J551,13250.00,DENIED,2026-04-02,2026-06-11 14:07:32
C6453,P2453,INS-K552,13500.00,PENDING,2026-04-03,2026-06-11 14:07:33
C6454,P2454,INS-L553,13750.00,APPROVED,2026-04-04,2026-06-11 14:07:34
C6455,P2455,INS-M554,14000.00,DENIED,2026-04-05,2026-06-11 14:07:35
C6456,P2456,INS-N555,14250.00,PENDING,2026-04-06,2026-06-11 14:07:36
C6457,P2457,INS-O556,14500.00,APPROVED,2026-04-07,2026-06-11 14:07:37
C6458,P2458,INS-P557,14750.00,DENIED,2026-04-08,2026-06-11 14:07:38
C6459,P2459,INS-Q558,15000.00,PENDING,2026-04-09,2026-06-11 14:07:39
C6460,P2460,INS-R559,15250.00,APPROVED,2026-04-10,2026-06-11 14:07:40
C6461,P2461,INS-S560,15500.00,DENIED,2026-04-11,2026-06-11 14:07:41
C6462,P2462,INS-T561,15750.00,PENDING,2026-04-12,2026-06-11 14:07:42
C6463,P2463,INS-U562,16000.00,APPROVED,2026-04-13,2026-06-11 14:07:43
C6464,P2464,INS-V563,16250.00,DENIED,2026-04-14,2026-06-11 14:07:44
C6465,P2465,INS-W564,16500.00,PENDING,2026-04-15,2026-06-11 14:07:45
C6466,P2466,INS-X565,16750.00,APPROVED,2026-04-16,2026-06-11 14:07:46
C6467,P2467,INS-Y566,17000.00,DENIED,2026-04-17,2026-06-11 14:07:47
C6468,P2468,INS-Z567,17250.00,PENDING,2026-04-18,2026-06-11 14:07:48
C6469,P2469,INS-A568,17500.00,APPROVED,2026-04-19,2026-06-11 14:07:49
C6470,P2470,INS-B569,17750.00,DENIED,2026-04-20,2026-06-11 14:07:50
C6471,P2471,INS-C570,18000.00,PENDING,2026-04-21,2026-06-11 14:07:51
C6472,P2472,INS-D571,18250.00,APPROVED,2026-04-22,2026-06-11 14:07:52
C6473,P2473,INS-E572,18500.00,DENIED,2026-04-23,2026-06-11 14:07:53
C6474,P2474,INS-F573,18750.00,PENDING,2026-04-24,2026-06-11 14:07:54
C6475,P2475,INS-G574,19000.00,APPROVED,2026-04-25,2026-06-11 14:07:55
C6476,P2476,INS-H575,19250.00,DENIED,2026-04-26,2026-06-11 14:07:56
C6477,P2477,INS-I576,19500.00,PENDING,2026-04-27,2026-06-11 14:07:57
C6478,P2478,INS-J577,19750.00,APPROVED,2026-04-28,2026-06-11 14:07:58
C6479,P2479,INS-K578,20000.00,DENIED,2026-04-29,2026-06-11 14:07:59
C6480,P2480,INS-L579,20250.00,PENDING,2026-04-30,2026-06-11 14:08:00
C6481,P2481,INS-M580,20500.00,APPROVED,2026-05-01,2026-06-11 14:08:01
C6482,P2482,INS-N581,20750.00,DENIED,2026-05-02,2026-06-11 14:08:02
C6483,P2483,INS-O582,21000.00,PENDING,2026-05-03,2026-06-11 14:08:03
C6484,P2484,INS-P583,21250.00,APPROVED,2026-05-04,2026-06-11 14:08:04
C6485,P2485,INS-Q584,21500.00,DENIED,2026-05-05,2026-06-11 14:08:05
C6486,P2486,INS-R585,21750.00,PENDING,2026-05-06,2026-06-11 14:08:06
C6487,P2487,INS-S586,22000.00,APPROVED,2026-05-07,2026-06-11 14:08:07
C6488,P2488,INS-T587,22250.00,DENIED,2026-05-08,2026-06-11 14:08:08
C6489,P2489,INS-U588,22500.00,PENDING,2026-05-09,2026-06-11 14:08:09
C6490,P2490,INS-V589,22750.00,APPROVED,2026-05-10,2026-06-11 14:08:10
C6491,P2491,INS-W590,23000.00,DENIED,2026-05-11,2026-06-11 14:08:11
C6492,P2492,INS-X591,23250.00,PENDING,2026-05-12,2026-06-11 14:08:12
C6493,P2493,INS-Y592,23500.00,APPROVED,2026-05-13,2026-06-11 14:08:13
C6494,P2494,INS-Z593,23750.00,DENIED,2026-05-14,2026-06-11 14:08:14
C6495,P2495,INS-A594,24000.00,PENDING,2026-05-15,2026-06-11 14:08:15
C6496,P2496,INS-B595,24250.00,APPROVED,2026-05-16,2026-06-11 14:08:16
C6497,P2497,INS-C596,24500.00,DENIED,2026-05-17,2026-06-11 14:08:17
C6498,P2498,INS-D597,24750.00,PENDING,2026-05-18,2026-06-11 14:08:18
C6499,P2499,INS-E598,25000.00,APPROVED,2026-05-19,2026-06-11 14:08:19
C6500,P2500,INS-F599,25250.00,DENIED,2026-05-20,2026-06-11 14:08:20
C6501,P2501,INS-G600,500.00,PENDING,2026-05-21,2026-06-11 14:08:21
C6502,P2502,INS-H601,750.00,APPROVED,2026-05-22,2026-06-11 14:08:22
C6503,P2503,INS-I602,1000.00,DENIED,2026-05-23,2026-06-11 14:08:23
C6504,P2504,INS-J603,1250.00,PENDING,2026-05-24,2026-06-11 14:08:24
C6505,P2505,INS-K604,1500.00,APPROVED,2026-05-25,2026-06-11 14:08:25
C6506,P2506,INS-L605,1750.00,DENIED,2026-05-26,2026-06-11 14:08:26
C6507,P2507,INS-M606,2000.00,PENDING,2026-05-27,2026-06-11 14:08:27
C6508,P2508,INS-N607,2250.00,APPROVED,2026-05-28,2026-06-11 14:08:28
C6509,P2509,INS-O608,2500.00,DENIED,2026-05-29,2026-06-11 14:08:29
C6510,P2510,INS-P609,2750.00,PENDING,2026-05-30,2026-06-11 14:08:30
C6511,P2511,INS-Q610,3000.00,APPROVED,2026-05-31,2026-06-11 14:08:31
C6512,P2512,INS-R611,3250.00,DENIED,2026-06-01,2026-06-11 14:08:32
C6513,P2513,INS-S612,3500.00,PENDING,2026-06-02,2026-06-11 14:08:33
C6514,P2514,INS-T613,3750.00,APPROVED,2026-06-03,2026-06-11 14:08:34
C6515,P2515,INS-U614,4000.00,DENIED,2026-06-04,2026-06-11 14:08:35
C6516,P2516,INS-V615,4250.00,PENDING,2026-06-05,2026-06-11 14:08:36
C6517,P2517,INS-W616,4500.00,APPROVED,2026-06-06,2026-06-11 14:08:37
C6518,P2518,INS-X617,4750.00,DENIED,2026-06-07,2026-06-11 14:08:38
C6519,P2519,INS-Y618,5000.00,PENDING,2026-06-08,2026-06-11 14:08:39
C6520,P2520,INS-Z619,5250.00,APPROVED,2026-06-09,2026-06-11 14:08:40
C6521,P2521,INS-A620,5500.00,DENIED,2026-06-10,2026-06-11 14:08:41
C6522,P2522,INS-B621,5750.00,PENDING,2026-06-11,2026-06-11 14:08:42
C6523,P2523,INS-C622,6000.00,APPROVED,2026-06-12,2026-06-11 14:08:43
C6524,P2524,INS-D623,6250.00,DENIED,2026-06-13,2026-06-11 14:08:44
C6525,P2525,INS-E624,6500.00,PENDING,2026-06-14,2026-06-11 14:08:45
C6526,P2526,INS-F625,6750.00,APPROVED,2026-06-15,2026-06-11 14:08:46
C6527,P2527,INS-G626,7000.00,DENIED,2026-06-16,2026-06-11 14:08:47
C6528,P2528,INS-H627,7250.00,PENDING,2026-06-17,2026-06-11 14:08:48
C6529,P2529,INS-I628,7500.00,APPROVED,2026-06-18,2026-06-11 14:08:49
C6530,P2530,INS-J629,7750.00,DENIED,2026-06-19,2026-06-11 14:08:50
C6531,P2531,INS-K630,8000.00,PENDING,2026-06-20,2026-06-11 14:08:51
C6532,P2532,INS-L631,8250.00,APPROVED,2026-06-21,2026-06-11 14:08:52
C6533,P2533,INS-M632,8500.00,DENIED,2026-06-22,2026-06-11 14:08:53
C6534,P2534,INS-N633,8750.00,PENDING,2026-06-23,2026-06-11 14:08:54
C6535,P2535,INS-O634,9000.00,APPROVED,2026-06-24,2026-06-11 14:08:55
C6536,P2536,INS-P635,9250.00,DENIED,2026-06-25,2026-06-11 14:08:56
C6537,P2537,INS-Q636,9500.00,PENDING,2026-06-26,2026-06-11 14:08:57
C6538,P2538,INS-R637,9750.00,APPROVED,2026-06-27,2026-06-11 14:08:58
C6539,P2539,INS-S638,10000.00,DENIED,2026-06-28,2026-06-11 14:08:59
C6540,P2540,INS-T639,10250.00,PENDING,2026-06-29,2026-06-11 14:09:00
C6541,P2541,INS-U640,10500.00,APPROVED,2026-01-01,2026-06-11 14:09:01
C6542,P2542,INS-V641,10750.00,DENIED,2026-01-02,2026-06-11 14:09:02
C6543,P2543,INS-W642,11000.00,PENDING,2026-01-03,2026-06-11 14:09:03
C6544,P2544,INS-X643,11250.00,APPROVED,2026-01-04,2026-06-11 14:09:04
C6545,P2545,INS-Y644,11500.00,DENIED,2026-01-05,2026-06-11 14:09:05
C6546,P2546,INS-Z645,11750.00,PENDING,2026-01-06,2026-06-11 14:09:06
C6547,P2547,INS-A646,12000.00,APPROVED,2026-01-07,2026-06-11 14:09:07
C6548,P2548,INS-B647,12250.00,DENIED,2026-01-08,2026-06-11 14:09:08
C6549,P2549,INS-C648,12500.00,PENDING,2026-01-09,2026-06-11 14:09:09
C6550,P2550,INS-D649,12750.00,APPROVED,2026-01-10,2026-06-11 14:09:10
C6551,P2551,INS-E650,13000.00,DENIED,2026-01-11,2026-06-11 14:09:11
C6552,P2552,INS-F651,13250.00,PENDING,2026-01-12,2026-06-11 14:09:12
C6553,P2553,INS-G652,13500.00,APPROVED,2026-01-13,2026-06-11 14:09:13
C6554,P2554,INS-H653,13750.00,DENIED,2026-01-14,2026-06-11 14:09:14
C6555,P2555,INS-I654,14000.00,PENDING,2026-01-15,2026-06-11 14:09:15
C6556,P2556,INS-J655,14250.00,APPROVED,2026-01-16,2026-06-11 14:09:16
C6557,P2557,INS-K656,14500.00,DENIED,2026-01-17,2026-06-11 14:09:17
C6558,P2558,INS-L657,14750.00,PENDING,2026-01-18,2026-06-11 14:09:18
C6559,P2559,INS-M658,15000.00,APPROVED,2026-01-19,2026-06-11 14:09:19
C6560,P2560,INS-N659,15250.00,DENIED,2026-01-20,2026-06-11 14:09:20
C6561,P2561,INS-O660,15500.00,PENDING,2026-01-21,2026-06-11 14:09:21
C6562,P2562,INS-P661,15750.00,APPROVED,2026-01-22,2026-06-11 14:09:22
C6563,P2563,INS-Q662,16000.00,DENIED,2026-01-23,2026-06-11 14:09:23
C6564,P2564,INS-R663,16250.00,PENDING,2026-01-24,2026-06-11 14:09:24
C6565,P2565,INS-S664,16500.00,APPROVED,2026-01-25,2026-06-11 14:09:25
C6566,P2566,INS-T665,16750.00,DENIED,2026-01-26,2026-06-11 14:09:26
C6567,P2567,INS-U666,17000.00,PENDING,2026-01-27,2026-06-11 14:09:27
C6568,P2568,INS-V667,17250.00,APPROVED,2026-01-28,2026-06-11 14:09:28
C6569,P2569,INS-W668,17500.00,DENIED,2026-01-29,2026-06-11 14:09:29
C6570,P2570,INS-X669,17750.00,PENDING,2026-01-30,2026-06-11 14:09:30
C6571,P2571,INS-Y670,18000.00,APPROVED,2026-01-31,2026-06-11 14:09:31
C6572,P2572,INS-Z671,18250.00,DENIED,2026-02-01,2026-06-11 14:09:32
C6573,P2573,INS-A672,18500.00,PENDING,2026-02-02,2026-06-11 14:09:33
C6574,P2574,INS-B673,18750.00,APPROVED,2026-02-03,2026-06-11 14:09:34
C6575,P2575,INS-C674,19000.00,DENIED,2026-02-04,2026-06-11 14:09:35
C6576,P2576,INS-D675,19250.00,PENDING,2026-02-05,2026-06-11 14:09:36
C6577,P2577,INS-E676,19500.00,APPROVED,2026-02-06,2026-06-11 14:09:37
C6578,P2578,INS-F677,19750.00,DENIED,2026-02-07,2026-06-11 14:09:38
C6579,P2579,INS-G678,20000.00,PENDING,2026-02-08,2026-06-11 14:09:39
C6580,P2580,INS-H679,20250.00,APPROVED,2026-02-09,2026-06-11 14:09:40
C6581,P2581,INS-I680,20500.00,DENIED,2026-02-10,2026-06-11 14:09:41
C6582,P2582,INS-J681,20750.00,PENDING,2026-02-11,2026-06-11 14:09:42
C6583,P2583,INS-K682,21000.00,APPROVED,2026-02-12,2026-06-11 14:09:43
C6584,P2584,INS-L683,21250.00,DENIED,2026-02-13,2026-06-11 14:09:44
C6585,P2585,INS-M684,21500.00,PENDING,2026-02-14,2026-06-11 14:09:45
C6586,P2586,INS-N685,21750.00,APPROVED,2026-02-15,2026-06-11 14:09:46
C6587,P2587,INS-O686,22000.00,DENIED,2026-02-16,2026-06-11 14:09:47
C6588,P2588,INS-P687,22250.00,PENDING,2026-02-17,2026-06-11 14:09:48
C6589,P2589,INS-Q688,22500.00,APPROVED,2026-02-18,2026-06-11 14:09:49
C6590,P2590,INS-R689,22750.00,DENIED,2026-02-19,2026-06-11 14:09:50
C6591,P2591,INS-S690,23000.00,PENDING,2026-02-20,2026-06-11 14:09:51
C6592,P2592,INS-T691,23250.00,APPROVED,2026-02-21,2026-06-11 14:09:52
C6593,P2593,INS-U692,23500.00,DENIED,2026-02-22,2026-06-11 14:09:53
C6594,P2594,INS-V693,23750.00,PENDING,2026-02-23,2026-06-11 14:09:54
C6595,P2595,INS-W694,24000.00,APPROVED,2026-02-24,2026-06-11 14:09:55
C6596,P2596,INS-X695,24250.00,DENIED,2026-02-25,2026-06-11 14:09:56
C6597,P2597,INS-Y696,24500.00,PENDING,2026-02-26,2026-06-11 14:09:57
C6598,P2598,INS-Z697,24750.00,APPROVED,2026-02-27,2026-06-11 14:09:58
C6599,P2599,INS-A698,25000.00,DENIED,2026-02-28,2026-06-11 14:09:59
C6600,P2600,INS-B699,25250.00,PENDING,2026-03-01,2026-06-11 14:10:00
C6601,P2601,INS-C700,500.00,APPROVED,2026-03-02,2026-06-11 14:10:01
C6602,P2602,INS-D701,750.00,DENIED,2026-03-03,2026-06-11 14:10:02
C6603,P2603,INS-E702,1000.00,PENDING,2026-03-04,2026-06-11 14:10:03
C6604,P2604,INS-F703,1250.00,APPROVED,2026-03-05,2026-06-11 14:10:04
C6605,P2605,INS-G704,1500.00,DENIED,2026-03-06,2026-06-11 14:10:05
C6606,P2606,INS-H705,1750.00,PENDING,2026-03-07,2026-06-11 14:10:06
C6607,P2607,INS-I706,2000.00,APPROVED,2026-03-08,2026-06-11 14:10:07
C6608,P2608,INS-J707,2250.00,DENIED,2026-03-09,2026-06-11 14:10:08
C6609,P2609,INS-K708,2500.00,PENDING,2026-03-10,2026-06-11 14:10:09
C6610,P2610,INS-L709,2750.00,APPROVED,2026-03-11,2026-06-11 14:10:10
C6611,P2611,INS-M710,3000.00,DENIED,2026-03-12,2026-06-11 14:10:11
C6612,P2612,INS-N711,3250.00,PENDING,2026-03-13,2026-06-11 14:10:12
C6613,P2613,INS-O712,3500.00,APPROVED,2026-03-14,2026-06-11 14:10:13
C6614,P2614,INS-P713,3750.00,DENIED,2026-03-15,2026-06-11 14:10:14
C6615,P2615,INS-Q714,4000.00,PENDING,2026-03-16,2026-06-11 14:10:15
C6616,P2616,INS-R715,4250.00,APPROVED,2026-03-17,2026-06-11 14:10:16
C6617,P2617,INS-S716,4500.00,DENIED,2026-03-18,2026-06-11 14:10:17
C6618,P2618,INS-T717,4750.00,PENDING,2026-03-19,2026-06-11 14:10:18
C6619,P2619,INS-U718,5000.00,APPROVED,2026-03-20,2026-06-11 14:10:19
C6620,P2620,INS-V719,5250.00,DENIED,2026-03-21,2026-06-11 14:10:20
C6621,P2621,INS-W720,5500.00,PENDING,2026-03-22,2026-06-11 14:10:21
C6622,P2622,INS-X721,5750.00,APPROVED,2026-03-23,2026-06-11 14:10:22
C6623,P2623,INS-Y722,6000.00,DENIED,2026-03-24,2026-06-11 14:10:23
C6624,P2624,INS-Z723,6250.00,PENDING,2026-03-25,2026-06-11 14:10:24
C6625,P2625,INS-A724,6500.00,APPROVED,2026-03-26,2026-06-11 14:10:25
C6626,P2626,INS-B725,6750.00,DENIED,2026-03-27,2026-06-11 14:10:26
C6627,P2627,INS-C726,7000.00,PENDING,2026-03-28,2026-06-11 14:10:27
C6628,P2628,INS-D727,7250.00,APPROVED,2026-03-29,2026-06-11 14:10:28
C6629,P2629,INS-E728,7500.00,DENIED,2026-03-30,2026-06-11 14:10:29
C6630,P2630,INS-F729,7750.00,PENDING,2026-03-31,2026-06-11 14:10:30
C6631,P2631,INS-G730,8000.00,APPROVED,2026-04-01,2026-06-11 14:10:31
C6632,P2632,INS-H731,8250.00,DENIED,2026-04-02,2026-06-11 14:10:32
C6633,P2633,INS-I732,8500.00,PENDING,2026-04-03,2026-06-11 14:10:33
C6634,P2634,INS-J733,8750.00,APPROVED,2026-04-04,2026-06-11 14:10:34
C6635,P2635,INS-K734,9000.00,DENIED,2026-04-05,2026-06-11 14:10:35
C6636,P2636,INS-L735,9250.00,PENDING,2026-04-06,2026-06-11 14:10:36
C6637,P2637,INS-M736,9500.00,APPROVED,2026-04-07,2026-06-11 14:10:37
C6638,P2638,INS-N737,9750.00,DENIED,2026-04-08,2026-06-11 14:10:38
C6639,P2639,INS-O738,10000.00,PENDING,2026-04-09,2026-06-11 14:10:39
C6640,P2640,INS-P739,10250.00,APPROVED,2026-04-10,2026-06-11 14:10:40
C6641,P2641,INS-Q740,10500.00,DENIED,2026-04-11,2026-06-11 14:10:41
C6642,P2642,INS-R741,10750.00,PENDING,2026-04-12,2026-06-11 14:10:42
C6643,P2643,INS-S742,11000.00,APPROVED,2026-04-13,2026-06-11 14:10:43
C6644,P2644,INS-T743,11250.00,DENIED,2026-04-14,2026-06-11 14:10:44
C6645,P2645,INS-U744,11500.00,PENDING,2026-04-15,2026-06-11 14:10:45
C6646,P2646,INS-V745,11750.00,APPROVED,2026-04-16,2026-06-11 14:10:46
C6647,P2647,INS-W746,12000.00,DENIED,2026-04-17,2026-06-11 14:10:47
C6648,P2648,INS-X747,12250.00,PENDING,2026-04-18,2026-06-11 14:10:48
C6649,P2649,INS-Y748,12500.00,APPROVED,2026-04-19,2026-06-11 14:10:49
C6650,P2650,INS-Z749,12750.00,DENIED,2026-04-20,2026-06-11 14:10:50
C6651,P2651,INS-A750,13000.00,PENDING,2026-04-21,2026-06-11 14:10:51
C6652,P2652,INS-B751,13250.00,APPROVED,2026-04-22,2026-06-11 14:10:52
C6653,P2653,INS-C752,13500.00,DENIED,2026-04-23,2026-06-11 14:10:53
C6654,P2654,INS-D753,13750.00,PENDING,2026-04-24,2026-06-11 14:10:54
C6655,P2655,INS-E754,14000.00,APPROVED,2026-04-25,2026-06-11 14:10:55
C6656,P2656,INS-F755,14250.00,DENIED,2026-04-26,2026-06-11 14:10:56
C6657,P2657,INS-G756,14500.00,PENDING,2026-04-27,2026-06-11 14:10:57
C6658,P2658,INS-H757,14750.00,APPROVED,2026-04-28,2026-06-11 14:10:58
C6659,P2659,INS-I758,15000.00,DENIED,2026-04-29,2026-06-11 14:10:59
C6660,P2660,INS-J759,15250.00,PENDING,2026-04-30,2026-06-11 14:11:00
C6661,P2661,INS-K760,15500.00,APPROVED,2026-05-01,2026-06-11 14:11:01
C6662,P2662,INS-L761,15750.00,DENIED,2026-05-02,2026-06-11 14:11:02
C6663,P2663,INS-M762,16000.00,PENDING,2026-05-03,2026-06-11 14:11:03
C6664,P2664,INS-N763,16250.00,APPROVED,2026-05-04,2026-06-11 14:11:04
C6665,P2665,INS-O764,16500.00,DENIED,2026-05-05,2026-06-11 14:11:05
C6666,P2666,INS-P765,16750.00,PENDING,2026-05-06,2026-06-11 14:11:06
C6667,P2667,INS-Q766,17000.00,APPROVED,2026-05-07,2026-06-11 14:11:07
C6668,P2668,INS-R767,17250.00,DENIED,2026-05-08,2026-06-11 14:11:08
C6669,P2669,INS-S768,17500.00,PENDING,2026-05-09,2026-06-11 14:11:09
C6670,P2670,INS-T769,17750.00,APPROVED,2026-05-10,2026-06-11 14:11:10
C6671,P2671,INS-U770,18000.00,DENIED,2026-05-11,2026-06-11 14:11:11
C6672,P2672,INS-V771,18250.00,PENDING,2026-05-12,2026-06-11 14:11:12
C6673,P2673,INS-W772,18500.00,APPROVED,2026-05-13,2026-06-11 14:11:13
C6674,P2674,INS-X773,18750.00,DENIED,2026-05-14,2026-06-11 14:11:14
C6675,P2675,INS-Y774,19000.00,PENDING,2026-05-15,2026-06-11 14:11:15
C6676,P2676,INS-Z775,19250.00,APPROVED,2026-05-16,2026-06-11 14:11:16
C6677,P2677,INS-A776,19500.00,DENIED,2026-05-17,2026-06-11 14:11:17
C6678,P2678,INS-B777,19750.00,PENDING,2026-05-18,2026-06-11 14:11:18
C6679,P2679,INS-C778,20000.00,APPROVED,2026-05-19,2026-06-11 14:11:19
C6680,P2680,INS-D779,20250.00,DENIED,2026-05-20,2026-06-11 14:11:20
C6681,P2681,INS-E780,20500.00,PENDING,2026-05-21,2026-06-11 14:11:21
C6682,P2682,INS-F781,20750.00,APPROVED,2026-05-22,2026-06-11 14:11:22
C6683,P2683,INS-G782,21000.00,DENIED,2026-05-23,2026-06-11 14:11:23
C6684,P2684,INS-H783,21250.00,PENDING,2026-05-24,2026-06-11 14:11:24
C6685,P2685,INS-I784,21500.00,APPROVED,2026-05-25,2026-06-11 14:11:25
C6686,P2686,INS-J785,21750.00,DENIED,2026-05-26,2026-06-11 14:11:26
C6687,P2687,INS-K786,22000.00,PENDING,2026-05-27,2026-06-11 14:11:27
C6688,P2688,INS-L787,22250.00,APPROVED,2026-05-28,2026-06-11 14:11:28
C6689,P2689,INS-M788,22500.00,DENIED,2026-05-29,2026-06-11 14:11:29
C6690,P2690,INS-N789,22750.00,PENDING,2026-05-30,2026-06-11 14:11:30
C6691,P2691,INS-O790,23000.00,APPROVED,2026-05-31,2026-06-11 14:11:31
C6692,P2692,INS-P791,23250.00,DENIED,2026-06-01,2026-06-11 14:11:32
C6693,P2693,INS-Q792,23500.00,PENDING,2026-06-02,2026-06-11 14:11:33
C6694,P2694,INS-R793,23750.00,APPROVED,2026-06-03,2026-06-11 14:11:34
C6695,P2695,INS-S794,24000.00,DENIED,2026-06-04,2026-06-11 14:11:35
C6696,P2696,INS-T795,24250.00,PENDING,2026-06-05,2026-06-11 14:11:36
C6697,P2697,INS-U796,24500.00,APPROVED,2026-06-06,2026-06-11 14:11:37
C6698,P2698,INS-V797,24750.00,DENIED,2026-06-07,2026-06-11 14:11:38
C6699,P2699,INS-W798,25000.00,PENDING,2026-06-08,2026-06-11 14:11:39
C6700,P2700,INS-X799,25250.00,APPROVED,2026-06-09,2026-06-11 14:11:40
C6701,P2701,INS-Y800,500.00,DENIED,2026-06-10,2026-06-11 14:11:41
C6702,P2702,INS-Z801,750.00,PENDING,2026-06-11,2026-06-11 14:11:42
C6703,P2703,INS-A802,1000.00,APPROVED,2026-06-12,2026-06-11 14:11:43
C6704,P2704,INS-B803,1250.00,DENIED,2026-06-13,2026-06-11 14:11:44
C6705,P2705,INS-C804,1500.00,PENDING,2026-06-14,2026-06-11 14:11:45
C6706,P2706,INS-D805,1750.00,APPROVED,2026-06-15,2026-06-11 14:11:46
C6707,P2707,INS-E806,2000.00,DENIED,2026-06-16,2026-06-11 14:11:47
C6708,P2708,INS-F807,2250.00,PENDING,2026-06-17,2026-06-11 14:11:48
C6709,P2709,INS-G808,2500.00,APPROVED,2026-06-18,2026-06-11 14:11:49
C6710,P2710,INS-H809,2750.00,DENIED,2026-06-19,2026-06-11 14:11:50
C6711,P2711,INS-I810,3000.00,PENDING,2026-06-20,2026-06-11 14:11:51
C6712,P2712,INS-J811,3250.00,APPROVED,2026-06-21,2026-06-11 14:11:52
C6713,P2713,INS-K812,3500.00,DENIED,2026-06-22,2026-06-11 14:11:53
C6714,P2714,INS-L813,3750.00,PENDING,2026-06-23,2026-06-11 14:11:54
C6715,P2715,INS-M814,4000.00,APPROVED,2026-06-24,2026-06-11 14:11:55
C6716,P2716,INS-N815,4250.00,DENIED,2026-06-25,2026-06-11 14:11:56
C6717,P2717,INS-O816,4500.00,PENDING,2026-06-26,2026-06-11 14:11:57
C6718,P2718,INS-P817,4750.00,APPROVED,2026-06-27,2026-06-11 14:11:58
C6719,P2719,INS-Q818,5000.00,DENIED,2026-06-28,2026-06-11 14:11:59
C6720,P2720,INS-R819,5250.00,PENDING,2026-06-29,2026-06-11 14:12:00
C6721,P2721,INS-S820,5500.00,APPROVED,2026-01-01,2026-06-11 14:12:01
C6722,P2722,INS-T821,5750.00,DENIED,2026-01-02,2026-06-11 14:12:02
C6723,P2723,INS-U822,6000.00,PENDING,2026-01-03,2026-06-11 14:12:03
C6724,P2724,INS-V823,6250.00,APPROVED,2026-01-04,2026-06-11 14:12:04
C6725,P2725,INS-W824,6500.00,DENIED,2026-01-05,2026-06-11 14:12:05
C6726,P2726,INS-X825,6750.00,PENDING,2026-01-06,2026-06-11 14:12:06
C6727,P2727,INS-Y826,7000.00,APPROVED,2026-01-07,2026-06-11 14:12:07
C6728,P2728,INS-Z827,7250.00,DENIED,2026-01-08,2026-06-11 14:12:08
C6729,P2729,INS-A828,7500.00,PENDING,2026-01-09,2026-06-11 14:12:09
C6730,P2730,INS-B829,7750.00,APPROVED,2026-01-10,2026-06-11 14:12:10
C6731,P2731,INS-C830,8000.00,DENIED,2026-01-11,2026-06-11 14:12:11
C6732,P2732,INS-D831,8250.00,PENDING,2026-01-12,2026-06-11 14:12:12
C6733,P2733,INS-E832,8500.00,APPROVED,2026-01-13,2026-06-11 14:12:13
C6734,P2734,INS-F833,8750.00,DENIED,2026-01-14,2026-06-11 14:12:14
C6735,P2735,INS-G834,9000.00,PENDING,2026-01-15,2026-06-11 14:12:15
C6736,P2736,INS-H835,9250.00,APPROVED,2026-01-16,2026-06-11 14:12:16
C6737,P2737,INS-I836,9500.00,DENIED,2026-01-17,2026-06-11 14:12:17
C6738,P2738,INS-J837,9750.00,PENDING,2026-01-18,2026-06-11 14:12:18
C6739,P2739,INS-K838,10000.00,APPROVED,2026-01-19,2026-06-11 14:12:19
C6740,P2740,INS-L839,10250.00,DENIED,2026-01-20,2026-06-11 14:12:20
C6741,P2741,INS-M840,10500.00,PENDING,2026-01-21,2026-06-11 14:12:21
C6742,P2742,INS-N841,10750.00,APPROVED,2026-01-22,2026-06-11 14:12:22
C6743,P2743,INS-O842,11000.00,DENIED,2026-01-23,2026-06-11 14:12:23
C6744,P2744,INS-P843,11250.00,PENDING,2026-01-24,2026-06-11 14:12:24
C6745,P2745,INS-Q844,11500.00,APPROVED,2026-01-25,2026-06-11 14:12:25
C6746,P2746,INS-R845,11750.00,DENIED,2026-01-26,2026-06-11 14:12:26
C6747,P2747,INS-S846,12000.00,PENDING,2026-01-27,2026-06-11 14:12:27
C6748,P2748,INS-T847,12250.00,APPROVED,2026-01-28,2026-06-11 14:12:28
C6749,P2749,INS-U848,12500.00,DENIED,2026-01-29,2026-06-11 14:12:29
C6750,P2750,INS-V849,12750.00,PENDING,2026-01-30,2026-06-11 14:12:30
C6751,P2751,INS-W850,13000.00,APPROVED,2026-01-31,2026-06-11 14:12:31
C6752,P2752,INS-X851,13250.00,DENIED,2026-02-01,2026-06-11 14:12:32
C6753,P2753,INS-Y852,13500.00,PENDING,2026-02-02,2026-06-11 14:12:33
C6754,P2754,INS-Z853,13750.00,APPROVED,2026-02-03,2026-06-11 14:12:34
C6755,P2755,INS-A854,14000.00,DENIED,2026-02-04,2026-06-11 14:12:35
C6756,P2756,INS-B855,14250.00,PENDING,2026-02-05,2026-06-11 14:12:36
C6757,P2757,INS-C856,14500.00,APPROVED,2026-02-06,2026-06-11 14:12:37
C6758,P2758,INS-D857,14750.00,DENIED,2026-02-07,2026-06-11 14:12:38
C6759,P2759,INS-E858,15000.00,PENDING,2026-02-08,2026-06-11 14:12:39
C6760,P2760,INS-F859,15250.00,APPROVED,2026-02-09,2026-06-11 14:12:40
C6761,P2761,INS-G860,15500.00,DENIED,2026-02-10,2026-06-11 14:12:41
C6762,P2762,INS-H861,15750.00,PENDING,2026-02-11,2026-06-11 14:12:42
C6763,P2763,INS-I862,16000.00,APPROVED,2026-02-12,2026-06-11 14:12:43
C6764,P2764,INS-J863,16250.00,DENIED,2026-02-13,2026-06-11 14:12:44
C6765,P2765,INS-K864,16500.00,PENDING,2026-02-14,2026-06-11 14:12:45
C6766,P2766,INS-L865,16750.00,APPROVED,2026-02-15,2026-06-11 14:12:46
C6767,P2767,INS-M866,17000.00,DENIED,2026-02-16,2026-06-11 14:12:47
C6768,P2768,INS-N867,17250.00,PENDING,2026-02-17,2026-06-11 14:12:48
C6769,P2769,INS-O868,17500.00,APPROVED,2026-02-18,2026-06-11 14:12:49
C6770,P2770,INS-P869,17750.00,DENIED,2026-02-19,2026-06-11 14:12:50
C6771,P2771,INS-Q870,18000.00,PENDING,2026-02-20,2026-06-11 14:12:51
C6772,P2772,INS-R871,18250.00,APPROVED,2026-02-21,2026-06-11 14:12:52
C6773,P2773,INS-S872,18500.00,DENIED,2026-02-22,2026-06-11 14:12:53
C6774,P2774,INS-T873,18750.00,PENDING,2026-02-23,2026-06-11 14:12:54
C6775,P2775,INS-U874,19000.00,APPROVED,2026-02-24,2026-06-11 14:12:55
C6776,P2776,INS-V875,19250.00,DENIED,2026-02-25,2026-06-11 14:12:56
C6777,P2777,INS-W876,19500.00,PENDING,2026-02-26,2026-06-11 14:12:57
C6778,P2778,INS-X877,19750.00,APPROVED,2026-02-27,2026-06-11 14:12:58
C6779,P2779,INS-Y878,20000.00,DENIED,2026-02-28,2026-06-11 14:12:59
C6780,P2780,INS-Z879,20250.00,PENDING,2026-03-01,2026-06-11 14:13:00
C6781,P2781,INS-A880,20500.00,APPROVED,2026-03-02,2026-06-11 14:13:01
C6782,P2782,INS-B881,20750.00,DENIED,2026-03-03,2026-06-11 14:13:02
C6783,P2783,INS-C882,21000.00,PENDING,2026-03-04,2026-06-11 14:13:03
C6784,P2784,INS-D883,21250.00,APPROVED,2026-03-05,2026-06-11 14:13:04
C6785,P2785,INS-E884,21500.00,DENIED,2026-03-06,2026-06-11 14:13:05
C6786,P2786,INS-F885,21750.00,PENDING,2026-03-07,2026-06-11 14:13:06
C6787,P2787,INS-G886,22000.00,APPROVED,2026-03-08,2026-06-11 14:13:07
C6788,P2788,INS-H887,22250.00,DENIED,2026-03-09,2026-06-11 14:13:08
C6789,P2789,INS-I888,22500.00,PENDING,2026-03-10,2026-06-11 14:13:09
C6790,P2790,INS-J889,22750.00,APPROVED,2026-03-11,2026-06-11 14:13:10
C6791,P2791,INS-K890,23000.00,DENIED,2026-03-12,2026-06-11 14:13:11
C6792,P2792,INS-L891,23250.00,PENDING,2026-03-13,2026-06-11 14:13:12
C6793,P2793,INS-M892,23500.00,APPROVED,2026-03-14,2026-06-11 14:13:13
C6794,P2794,INS-N893,23750.00,DENIED,2026-03-15,2026-06-11 14:13:14
C6795,P2795,INS-O894,24000.00,PENDING,2026-03-16,2026-06-11 14:13:15
C6796,P2796,INS-P895,24250.00,APPROVED,2026-03-17,2026-06-11 14:13:16
C6797,P2797,INS-Q896,24500.00,DENIED,2026-03-18,2026-06-11 14:13:17
C6798,P2798,INS-R897,24750.00,PENDING,2026-03-19,2026-06-11 14:13:18
C6799,P2799,INS-S898,25000.00,APPROVED,2026-03-20,2026-06-11 14:13:19
C6800,P2800,INS-T899,25250.00,DENIED,2026-03-21,2026-06-11 14:13:20
C6801,P2801,INS-U900,500.00,PENDING,2026-03-22,2026-06-11 14:13:21
C6802,P2802,INS-V901,750.00,APPROVED,2026-03-23,2026-06-11 14:13:22
C6803,P2803,INS-W902,1000.00,DENIED,2026-03-24,2026-06-11 14:13:23
C6804,P2804,INS-X903,1250.00,PENDING,2026-03-25,2026-06-11 14:13:24
C6805,P2805,INS-Y904,1500.00,APPROVED,2026-03-26,2026-06-11 14:13:25
C6806,P2806,INS-Z905,1750.00,DENIED,2026-03-27,2026-06-11 14:13:26
C6807,P2807,INS-A906,2000.00,PENDING,2026-03-28,2026-06-11 14:13:27
C6808,P2808,INS-B907,2250.00,APPROVED,2026-03-29,2026-06-11 14:13:28
C6809,P2809,INS-C908,2500.00,DENIED,2026-03-30,2026-06-11 14:13:29
C6810,P2810,INS-D909,2750.00,PENDING,2026-03-31,2026-06-11 14:13:30
C6811,P2811,INS-E910,3000.00,APPROVED,2026-04-01,2026-06-11 14:13:31
C6812,P2812,INS-F911,3250.00,DENIED,2026-04-02,2026-06-11 14:13:32
C6813,P2813,INS-G912,3500.00,PENDING,2026-04-03,2026-06-11 14:13:33
C6814,P2814,INS-H913,3750.00,APPROVED,2026-04-04,2026-06-11 14:13:34
C6815,P2815,INS-I914,4000.00,DENIED,2026-04-05,2026-06-11 14:13:35
C6816,P2816,INS-J915,4250.00,PENDING,2026-04-06,2026-06-11 14:13:36
C6817,P2817,INS-K916,4500.00,APPROVED,2026-04-07,2026-06-11 14:13:37
C6818,P2818,INS-L917,4750.00,DENIED,2026-04-08,2026-06-11 14:13:38
C6819,P2819,INS-M918,5000.00,PENDING,2026-04-09,2026-06-11 14:13:39
C6820,P2820,INS-N919,5250.00,APPROVED,2026-04-10,2026-06-11 14:13:40
C6821,P2821,INS-O920,5500.00,DENIED,2026-04-11,2026-06-11 14:13:41
C6822,P2822,INS-P921,5750.00,PENDING,2026-04-12,2026-06-11 14:13:42
C6823,P2823,INS-Q922,6000.00,APPROVED,2026-04-13,2026-06-11 14:13:43
C6824,P2824,INS-R923,6250.00,DENIED,2026-04-14,2026-06-11 14:13:44
C6825,P2825,INS-S924,6500.00,PENDING,2026-04-15,2026-06-11 14:13:45
C6826,P2826,INS-T925,6750.00,APPROVED,2026-04-16,2026-06-11 14:13:46
C6827,P2827,INS-U926,7000.00,DENIED,2026-04-17,2026-06-11 14:13:47
C6828,P2828,INS-V927,7250.00,PENDING,2026-04-18,2026-06-11 14:13:48
C6829,P2829,INS-W928,7500.00,APPROVED,2026-04-19,2026-06-11 14:13:49
C6830,P2830,INS-X929,7750.00,DENIED,2026-04-20,2026-06-11 14:13:50
C6831,P2831,INS-Y930,8000.00,PENDING,2026-04-21,2026-06-11 14:13:51
C6832,P2832,INS-Z931,8250.00,APPROVED,2026-04-22,2026-06-11 14:13:52
C6833,P2833,INS-A932,8500.00,DENIED,2026-04-23,2026-06-11 14:13:53
C6834,P2834,INS-B933,8750.00,PENDING,2026-04-24,2026-06-11 14:13:54
C6835,P2835,INS-C934,9000.00,APPROVED,2026-04-25,2026-06-11 14:13:55
C6836,P2836,INS-D935,9250.00,DENIED,2026-04-26,2026-06-11 14:13:56
C6837,P2837,INS-E936,9500.00,PENDING,2026-04-27,2026-06-11 14:13:57
C6838,P2838,INS-F937,9750.00,APPROVED,2026-04-28,2026-06-11 14:13:58
C6839,P2839,INS-G938,10000.00,DENIED,2026-04-29,2026-06-11 14:13:59
C6840,P2840,INS-H939,10250.00,PENDING,2026-04-30,2026-06-11 14:14:00
C6841,P2841,INS-I940,10500.00,APPROVED,2026-05-01,2026-06-11 14:14:01
C6842,P2842,INS-J941,10750.00,DENIED,2026-05-02,2026-06-11 14:14:02
C6843,P2843,INS-K942,11000.00,PENDING,2026-05-03,2026-06-11 14:14:03
C6844,P2844,INS-L943,11250.00,APPROVED,2026-05-04,2026-06-11 14:14:04
C6845,P2845,INS-M944,11500.00,DENIED,2026-05-05,2026-06-11 14:14:05
C6846,P2846,INS-N945,11750.00,PENDING,2026-05-06,2026-06-11 14:14:06
C6847,P2847,INS-O946,12000.00,APPROVED,2026-05-07,2026-06-11 14:14:07
C6848,P2848,INS-P947,12250.00,DENIED,2026-05-08,2026-06-11 14:14:08
C6849,P2849,INS-Q948,12500.00,PENDING,2026-05-09,2026-06-11 14:14:09
C6850,P2850,INS-R949,12750.00,APPROVED,2026-05-10,2026-06-11 14:14:10
C6851,P2851,INS-S950,13000.00,DENIED,2026-05-11,2026-06-11 14:14:11
C6852,P2852,INS-T951,13250.00,PENDING,2026-05-12,2026-06-11 14:14:12
C6853,P2853,INS-U952,13500.00,APPROVED,2026-05-13,2026-06-11 14:14:13
C6854,P2854,INS-V953,13750.00,DENIED,2026-05-14,2026-06-11 14:14:14
C6855,P2855,INS-W954,14000.00,PENDING,2026-05-15,2026-06-11 14:14:15
C6856,P2856,INS-X955,14250.00,APPROVED,2026-05-16,2026-06-11 14:14:16
C6857,P2857,INS-Y956,14500.00,DENIED,2026-05-17,2026-06-11 14:14:17
C6858,P2858,INS-Z957,14750.00,PENDING,2026-05-18,2026-06-11 14:14:18
C6859,P2859,INS-A958,15000.00,APPROVED,2026-05-19,2026-06-11 14:14:19
C6860,P2860,INS-B959,15250.00,DENIED,2026-05-20,2026-06-11 14:14:20
C6861,P2861,INS-C960,15500.00,PENDING,2026-05-21,2026-06-11 14:14:21
C6862,P2862,INS-D961,15750.00,APPROVED,2026-05-22,2026-06-11 14:14:22
C6863,P2863,INS-E962,16000.00,DENIED,2026-05-23,2026-06-11 14:14:23
C6864,P2864,INS-F963,16250.00,PENDING,2026-05-24,2026-06-11 14:14:24
C6865,P2865,INS-G964,16500.00,APPROVED,2026-05-25,2026-06-11 14:14:25
C6866,P2866,INS-H965,16750.00,DENIED,2026-05-26,2026-06-11 14:14:26
C6867,P2867,INS-I966,17000.00,PENDING,2026-05-27,2026-06-11 14:14:27
C6868,P2868,INS-J967,17250.00,APPROVED,2026-05-28,2026-06-11 14:14:28
C6869,P2869,INS-K968,17500.00,DENIED,2026-05-29,2026-06-11 14:14:29
C6870,P2870,INS-L969,17750.00,PENDING,2026-05-30,2026-06-11 14:14:30
C6871,P2871,INS-M970,18000.00,APPROVED,2026-05-31,2026-06-11 14:14:31
C6872,P2872,INS-N971,18250.00,DENIED,2026-06-01,2026-06-11 14:14:32
C6873,P2873,INS-O972,18500.00,PENDING,2026-06-02,2026-06-11 14:14:33
C6874,P2874,INS-P973,18750.00,APPROVED,2026-06-03,2026-06-11 14:14:34
C6875,P2875,INS-Q974,19000.00,DENIED,2026-06-04,2026-06-11 14:14:35
C6876,P2876,INS-R975,19250.00,PENDING,2026-06-05,2026-06-11 14:14:36
C6877,P2877,INS-S976,19500.00,APPROVED,2026-06-06,2026-06-11 14:14:37
C6878,P2878,INS-T977,19750.00,DENIED,2026-06-07,2026-06-11 14:14:38
C6879,P2879,INS-U978,20000.00,PENDING,2026-06-08,2026-06-11 14:14:39
C6880,P2880,INS-V979,20250.00,APPROVED,2026-06-09,2026-06-11 14:14:40
C6881,P2881,INS-W980,20500.00,DENIED,2026-06-10,2026-06-11 14:14:41
C6882,P2882,INS-X981,20750.00,PENDING,2026-06-11,2026-06-11 14:14:42
C6883,P2883,INS-Y982,21000.00,APPROVED,2026-06-12,2026-06-11 14:14:43
C6884,P2884,INS-Z983,21250.00,DENIED,2026-06-13,2026-06-11 14:14:44
C6885,P2885,INS-A984,21500.00,PENDING,2026-06-14,2026-06-11 14:14:45
C6886,P2886,INS-B985,21750.00,APPROVED,2026-06-15,2026-06-11 14:14:46
C6887,P2887,INS-C986,22000.00,DENIED,2026-06-16,2026-06-11 14:14:47
C6888,P2888,INS-D987,22250.00,PENDING,2026-06-17,2026-06-11 14:14:48
C6889,P2889,INS-E988,22500.00,APPROVED,2026-06-18,2026-06-11 14:14:49
C6890,P2890,INS-F989,22750.00,DENIED,2026-06-19,2026-06-11 14:14:50
C6891,P2891,INS-G990,23000.00,PENDING,2026-06-20,2026-06-11 14:14:51
C6892,P2892,INS-H991,23250.00,APPROVED,2026-06-21,2026-06-11 14:14:52
C6893,P2893,INS-I992,23500.00,DENIED,2026-06-22,2026-06-11 14:14:53
C6894,P2894,INS-J993,23750.00,PENDING,2026-06-23,2026-06-11 14:14:54
C6895,P2895,INS-K994,24000.00,APPROVED,2026-06-24,2026-06-11 14:14:55
C6896,P2896,INS-L995,24250.00,DENIED,2026-06-25,2026-06-11 14:14:56
C6897,P2897,INS-M996,24500.00,PENDING,2026-06-26,2026-06-11 14:14:57
C6898,P2898,INS-N997,24750.00,APPROVED,2026-06-27,2026-06-11 14:14:58
C6899,P2899,INS-O998,25000.00,DENIED,2026-06-28,2026-06-11 14:14:59
C6900,P2900,INS-P999,25250.00,PENDING,2026-06-29,2026-06-11 14:15:00
C6901,P2901,INS-Q100,500.00,APPROVED,2026-01-01,2026-06-11 14:15:01
C6902,P2902,INS-R101,750.00,DENIED,2026-01-02,2026-06-11 14:15:02
C6903,P2903,INS-S102,1000.00,PENDING,2026-01-03,2026-06-11 14:15:03
C6904,P2904,INS-T103,1250.00,APPROVED,2026-01-04,2026-06-11 14:15:04
C6905,P2905,INS-U104,1500.00,DENIED,2026-01-05,2026-06-11 14:15:05
C6906,P2906,INS-V105,1750.00,PENDING,2026-01-06,2026-06-11 14:15:06
C6907,P2907,INS-W106,2000.00,APPROVED,2026-01-07,2026-06-11 14:15:07
C6908,P2908,INS-X107,2250.00,DENIED,2026-01-08,2026-06-11 14:15:08
C6909,P2909,INS-Y108,2500.00,PENDING,2026-01-09,2026-06-11 14:15:09
C6910,P2910,INS-Z109,2750.00,APPROVED,2026-01-10,2026-06-11 14:15:10
C6911,P2911,INS-A110,3000.00,DENIED,2026-01-11,2026-06-11 14:15:11
C6912,P2912,INS-B111,3250.00,PENDING,2026-01-12,2026-06-11 14:15:12
C6913,P2913,INS-C112,3500.00,APPROVED,2026-01-13,2026-06-11 14:15:13
C6914,P2914,INS-D113,3750.00,DENIED,2026-01-14,2026-06-11 14:15:14
C6915,P2915,INS-E114,4000.00,PENDING,2026-01-15,2026-06-11 14:15:15
C6916,P2916,INS-F115,4250.00,APPROVED,2026-01-16,2026-06-11 14:15:16
C6917,P2917,INS-G116,4500.00,DENIED,2026-01-17,2026-06-11 14:15:17
C6918,P2918,INS-H117,4750.00,PENDING,2026-01-18,2026-06-11 14:15:18
C6919,P2919,INS-I118,5000.00,APPROVED,2026-01-19,2026-06-11 14:15:19
C6920,P2920,INS-J119,5250.00,DENIED,2026-01-20,2026-06-11 14:15:20
C6921,P2921,INS-K120,5500.00,PENDING,2026-01-21,2026-06-11 14:15:21
C6922,P2922,INS-L121,5750.00,APPROVED,2026-01-22,2026-06-11 14:15:22
C6923,P2923,INS-M122,6000.00,DENIED,2026-01-23,2026-06-11 14:15:23
C6924,P2924,INS-N123,6250.00,PENDING,2026-01-24,2026-06-11 14:15:24
C6925,P2925,INS-O124,6500.00,APPROVED,2026-01-25,2026-06-11 14:15:25
C6926,P2926,INS-P125,6750.00,DENIED,2026-01-26,2026-06-11 14:15:26
C6927,P2927,INS-Q126,7000.00,PENDING,2026-01-27,2026-06-11 14:15:27
C6928,P2928,INS-R127,7250.00,APPROVED,2026-01-28,2026-06-11 14:15:28
C6929,P2929,INS-S128,7500.00,DENIED,2026-01-29,2026-06-11 14:15:29
C6930,P2930,INS-T129,7750.00,PENDING,2026-01-30,2026-06-11 14:15:30
C6931,P2931,INS-U130,8000.00,APPROVED,2026-01-31,2026-06-11 14:15:31
C6932,P2932,INS-V131,8250.00,DENIED,2026-02-01,2026-06-11 14:15:32
C6933,P2933,INS-W132,8500.00,PENDING,2026-02-02,2026-06-11 14:15:33
C6934,P2934,INS-X133,8750.00,APPROVED,2026-02-03,2026-06-11 14:15:34
C6935,P2935,INS-Y134,9000.00,DENIED,2026-02-04,2026-06-11 14:15:35
C6936,P2936,INS-Z135,9250.00,PENDING,2026-02-05,2026-06-11 14:15:36
C6937,P2937,INS-A136,9500.00,APPROVED,2026-02-06,2026-06-11 14:15:37
C6938,P2938,INS-B137,9750.00,DENIED,2026-02-07,2026-06-11 14:15:38
C6939,P2939,INS-C138,10000.00,PENDING,2026-02-08,2026-06-11 14:15:39
C6940,P2940,INS-D139,10250.00,APPROVED,2026-02-09,2026-06-11 14:15:40
C6941,P2941,INS-E140,10500.00,DENIED,2026-02-10,2026-06-11 14:15:41
C6942,P2942,INS-F141,10750.00,PENDING,2026-02-11,2026-06-11 14:15:42
C6943,P2943,INS-G142,11000.00,APPROVED,2026-02-12,2026-06-11 14:15:43
C6944,P2944,INS-H143,11250.00,DENIED,2026-02-13,2026-06-11 14:15:44
C6945,P2945,INS-I144,11500.00,PENDING,2026-02-14,2026-06-11 14:15:45
C6946,P2946,INS-J145,11750.00,APPROVED,2026-02-15,2026-06-11 14:15:46
C6947,P2947,INS-K146,12000.00,DENIED,2026-02-16,2026-06-11 14:15:47
C6948,P2948,INS-L147,12250.00,PENDING,2026-02-17,2026-06-11 14:15:48
C6949,P2949,INS-M148,12500.00,APPROVED,2026-02-18,2026-06-11 14:15:49
C6950,P2950,INS-N149,12750.00,DENIED,2026-02-19,2026-06-11 14:15:50
C6951,P2951,INS-O150,13000.00,PENDING,2026-02-20,2026-06-11 14:15:51
C6952,P2952,INS-P151,13250.00,APPROVED,2026-02-21,2026-06-11 14:15:52
C6953,P2953,INS-Q152,13500.00,DENIED,2026-02-22,2026-06-11 14:15:53
C6954,P2954,INS-R153,13750.00,PENDING,2026-02-23,2026-06-11 14:15:54
C6955,P2955,INS-S154,14000.00,APPROVED,2026-02-24,2026-06-11 14:15:55
C6956,P2956,INS-T155,14250.00,DENIED,2026-02-25,2026-06-11 14:15:56
C6957,P2957,INS-U156,14500.00,PENDING,2026-02-26,2026-06-11 14:15:57
C6958,P2958,INS-V157,14750.00,APPROVED,2026-02-27,2026-06-11 14:15:58
C6959,P2959,INS-W158,15000.00,DENIED,2026-02-28,2026-06-11 14:15:59
C6960,P2960,INS-X159,15250.00,PENDING,2026-03-01,2026-06-11 14:16:00
C6961,P2961,INS-Y160,15500.00,APPROVED,2026-03-02,2026-06-11 14:16:01
C6962,P2962,INS-Z161,15750.00,DENIED,2026-03-03,2026-06-11 14:16:02
C6963,P2963,INS-A162,16000.00,PENDING,2026-03-04,2026-06-11 14:16:03
C6964,P2964,INS-B163,16250.00,APPROVED,2026-03-05,2026-06-11 14:16:04
C6965,P2965,INS-C164,16500.00,DENIED,2026-03-06,2026-06-11 14:16:05
C6966,P2966,INS-D165,16750.00,PENDING,2026-03-07,2026-06-11 14:16:06
C6967,P2967,INS-E166,17000.00,APPROVED,2026-03-08,2026-06-11 14:16:07
C6968,P2968,INS-F167,17250.00,DENIED,2026-03-09,2026-06-11 14:16:08
C6969,P2969,INS-G168,17500.00,PENDING,2026-03-10,2026-06-11 14:16:09
C6970,P2970,INS-H169,17750.00,APPROVED,2026-03-11,2026-06-11 14:16:10
C6971,P2971,INS-I170,18000.00,DENIED,2026-03-12,2026-06-11 14:16:11
C6972,P2972,INS-J171,18250.00,PENDING,2026-03-13,2026-06-11 14:16:12
C6973,P2973,INS-K172,18500.00,APPROVED,2026-03-14,2026-06-11 14:16:13
C6974,P2974,INS-L173,18750.00,DENIED,2026-03-15,2026-06-11 14:16:14
C6975,P2975,INS-M174,19000.00,PENDING,2026-03-16,2026-06-11 14:16:15
C6976,P2976,INS-N175,19250.00,APPROVED,2026-03-17,2026-06-11 14:16:16
C6977,P2977,INS-O176,19500.00,DENIED,2026-03-18,2026-06-11 14:16:17
C6978,P2978,INS-P177,19750.00,PENDING,2026-03-19,2026-06-11 14:16:18
C6979,P2979,INS-Q178,20000.00,APPROVED,2026-03-20,2026-06-11 14:16:19
C6980,P2980,INS-R179,20250.00,DENIED,2026-03-21,2026-06-11 14:16:20
C6981,P2981,INS-S180,20500.00,PENDING,2026-03-22,2026-06-11 14:16:21
C6982,P2982,INS-T181,20750.00,APPROVED,2026-03-23,2026-06-11 14:16:22
C6983,P2983,INS-U182,21000.00,DENIED,2026-03-24,2026-06-11 14:16:23
C6984,P2984,INS-V183,21250.00,PENDING,2026-03-25,2026-06-11 14:16:24
C6985,P2985,INS-W184,21500.00,APPROVED,2026-03-26,2026-06-11 14:16:25
C6986,P2986,INS-X185,21750.00,DENIED,2026-03-27,2026-06-11 14:16:26
C6987,P2987,INS-Y186,22000.00,PENDING,2026-03-28,2026-06-11 14:16:27
C6988,P2988,INS-Z187,22250.00,APPROVED,2026-03-29,2026-06-11 14:16:28
C6989,P2989,INS-A188,22500.00,DENIED,2026-03-30,2026-06-11 14:16:29
C6990,P2990,INS-B189,22750.00,PENDING,2026-03-31,2026-06-11 14:16:30
C6991,P2991,INS-C190,23000.00,APPROVED,2026-04-01,2026-06-11 14:16:31
C6992,P2992,INS-D191,23250.00,DENIED,2026-04-02,2026-06-11 14:16:32
C6993,P2993,INS-E192,23500.00,PENDING,2026-04-03,2026-06-11 14:16:33
C6994,P2994,INS-F193,23750.00,APPROVED,2026-04-04,2026-06-11 14:16:34
C6995,P2995,INS-G194,24000.00,DENIED,2026-04-05,2026-06-11 14:16:35
C6996,P2996,INS-H195,24250.00,PENDING,2026-04-06,2026-06-11 14:16:36
C6997,P2997,INS-I196,24500.00,APPROVED,2026-04-07,2026-06-11 14:16:37
C6998,P2998,INS-J197,24750.00,DENIED,2026-04-08,2026-06-11 14:16:38
C6999,P2999,INS-K198,25000.00,PENDING,2026-04-09,2026-06-11 14:16:39
C7000,P3000,INS-L199,25250.00,APPROVED,2026-04-10,2026-06-11 14:16:40
