encounter_id,patient_id,admission_date,discharge_date,encounter_type,attending_physician,hospital_id,diagnosis_code,ingestion_timestamp
E3001,P2001,2026-01-01,2026-01-02,Inpatient,Dr Adams,H001,I10,2026-06-11 11:00:01
E3002,P2002,2026-01-02,2026-01-04,Emergency,Dr Baker,H002,E11.9,2026-06-11 11:00:02
E3003,P2003,2026-01-03,2026-01-06,Outpatient,Dr Clark,H003,J18.9,2026-06-11 11:00:03
E3004,P2004,2026-01-04,2026-01-08,Observation,Dr Davis,H004,N18.9,2026-06-11 11:00:04
E3005,P2005,2026-01-05,2026-01-10,Inpatient,Dr Evans,H005,I50.9,2026-06-11 11:00:05
E3006,P2006,2026-01-06,2026-01-12,Emergency,Dr Foster,H001,M54.5,2026-06-11 11:00:06
E3007,P2007,2026-01-07,2026-01-14,Outpatient,Dr Grant,H002,K21.9,2026-06-11 11:00:07
E3008,P2008,2026-01-08,2026-01-16,Observation,Dr Hill,H003,J45.909,2026-06-11 11:00:08
E3009,P2009,2026-01-09,2026-01-18,Inpatient,Dr Adams,H004,I10,2026-06-11 11:00:09
E3010,P2010,2026-01-10,2026-01-20,Emergency,Dr Baker,H005,E11.9,2026-06-11 11:00:10
E3011,P2011,2026-01-11,2026-01-12,Outpatient,Dr Clark,H001,J18.9,2026-06-11 11:00:11
E3012,P2012,2026-01-12,2026-01-14,Observation,Dr Davis,H002,N18.9,2026-06-11 11:00:12
E3013,P2013,2026-01-13,2026-01-16,Inpatient,Dr Evans,H003,I50.9,2026-06-11 11:00:13
E3014,P2014,2026-01-14,2026-01-18,Emergency,Dr Foster,H004,M54.5,2026-06-11 11:00:14
E3015,P2015,2026-01-15,2026-01-20,Outpatient,Dr Grant,H005,K21.9,2026-06-11 11:00:15
E3016,P2016,2026-01-16,2026-01-22,Observation,Dr Hill,H001,J45.909,2026-06-11 11:00:16
E3017,P2017,2026-01-17,2026-01-24,Inpatient,Dr Adams,H002,I10,2026-06-11 11:00:17
E3018,P2018,2026-01-18,2026-01-26,Emergency,Dr Baker,H003,E11.9,2026-06-11 11:00:18
E3019,P2019,2026-01-19,2026-01-28,Outpatient,Dr Clark,H004,J18.9,2026-06-11 11:00:19
E3020,P2020,2026-01-20,2026-01-30,Observation,Dr Davis,H005,N18.9,2026-06-11 11:00:20
E3021,P2021,2026-01-21,2026-01-22,Inpatient,Dr Evans,H001,I50.9,2026-06-11 11:00:21
E3022,P2022,2026-01-22,2026-01-24,Emergency,Dr Foster,H002,M54.5,2026-06-11 11:00:22
E3023,P2023,2026-01-23,2026-01-26,Outpatient,Dr Grant,H003,K21.9,2026-06-11 11:00:23
E3024,P2024,2026-01-24,2026-01-28,Observation,Dr Hill,H004,J45.909,2026-06-11 11:00:24
E3025,P2025,2026-01-25,2026-01-30,Inpatient,Dr Adams,H005,I10,2026-06-11 11:00:25
E3026,P2026,2026-01-26,2026-02-01,Emergency,Dr Baker,H001,E11.9,2026-06-11 11:00:26
E3027,P2027,2026-01-27,2026-02-03,Outpatient,Dr Clark,H002,J18.9,2026-06-11 11:00:27
E3028,P2028,2026-01-28,2026-02-05,Observation,Dr Davis,H003,N18.9,2026-06-11 11:00:28
E3029,P2029,2026-01-29,2026-02-07,Inpatient,Dr Evans,H004,I50.9,2026-06-11 11:00:29
E3030,P2030,2026-01-30,2026-02-09,Emergency,Dr Foster,H005,M54.5,2026-06-11 11:00:30
E3031,P2031,2026-01-31,2026-02-01,Outpatient,Dr Grant,H001,K21.9,2026-06-11 11:00:31
E3032,P2032,2026-02-01,2026-02-03,Observation,Dr Hill,H002,J45.909,2026-06-11 11:00:32
E3033,P2033,2026-02-02,2026-02-05,Inpatient,Dr Adams,H003,I10,2026-06-11 11:00:33
E3034,P2034,2026-02-03,2026-02-07,Emergency,Dr Baker,H004,E11.9,2026-06-11 11:00:34
E3035,P2035,2026-02-04,2026-02-09,Outpatient,Dr Clark,H005,J18.9,2026-06-11 11:00:35
E3036,P2036,2026-02-05,2026-02-11,Observation,Dr Davis,H001,N18.9,2026-06-11 11:00:36
E3037,P2037,2026-02-06,2026-02-13,Inpatient,Dr Evans,H002,I50.9,2026-06-11 11:00:37
E3038,P2038,2026-02-07,2026-02-15,Emergency,Dr Foster,H003,M54.5,2026-06-11 11:00:38
E3039,P2039,2026-02-08,2026-02-17,Outpatient,Dr Grant,H004,K21.9,2026-06-11 11:00:39
E3040,P2040,2026-02-09,2026-02-19,Observation,Dr Hill,H005,J45.909,2026-06-11 11:00:40
E3041,P2041,2026-02-10,2026-02-11,Inpatient,Dr Adams,H001,I10,2026-06-11 11:00:41
E3042,P2042,2026-02-11,2026-02-13,Emergency,Dr Baker,H002,E11.9,2026-06-11 11:00:42
E3043,P2043,2026-02-12,2026-02-15,Outpatient,Dr Clark,H003,J18.9,2026-06-11 11:00:43
E3044,P2044,2026-02-13,2026-02-17,Observation,Dr Davis,H004,N18.9,2026-06-11 11:00:44
E3045,P2045,2026-02-14,2026-02-19,Inpatient,Dr Evans,H005,I50.9,2026-06-11 11:00:45
E3046,P2046,2026-02-15,2026-02-21,Emergency,Dr Foster,H001,M54.5,2026-06-11 11:00:46
E3047,P2047,2026-02-16,2026-02-23,Outpatient,Dr Grant,H002,K21.9,2026-06-11 11:00:47
E3048,P2048,2026-02-17,2026-02-25,Observation,Dr Hill,H003,J45.909,2026-06-11 11:00:48
E3049,P2049,2026-02-18,2026-02-27,Inpatient,Dr Adams,H004,I10,2026-06-11 11:00:49
E3050,P2050,2026-02-19,2026-03-01,Emergency,Dr Baker,H005,E11.9,2026-06-11 11:00:50
E3051,P2051,2026-02-20,2026-02-21,Outpatient,Dr Clark,H001,J18.9,2026-06-11 11:00:51
E3052,P2052,2026-02-21,2026-02-23,Observation,Dr Davis,H002,N18.9,2026-06-11 11:00:52
E3053,P2053,2026-02-22,2026-02-25,Inpatient,Dr Evans,H003,I50.9,2026-06-11 11:00:53
E3054,P2054,2026-02-23,2026-02-27,Emergency,Dr Foster,H004,M54.5,2026-06-11 11:00:54
E3055,P2055,2026-02-24,2026-03-01,Outpatient,Dr Grant,H005,K21.9,2026-06-11 11:00:55
E3056,P2056,2026-02-25,2026-03-03,Observation,Dr Hill,H001,J45.909,2026-06-11 11:00:56
E3057,P2057,2026-02-26,2026-03-05,Inpatient,Dr Adams,H002,I10,2026-06-11 11:00:57
E3058,P2058,2026-02-27,2026-03-07,Emergency,Dr Baker,H003,E11.9,2026-06-11 11:00:58
E3059,P2059,2026-02-28,2026-03-09,Outpatient,Dr Clark,H004,J18.9,2026-06-11 11:00:59
E3060,P2060,2026-03-01,2026-03-11,Observation,Dr Davis,H005,N18.9,2026-06-11 11:01:00
E3061,P2061,2026-03-02,2026-03-03,Inpatient,Dr Evans,H001,I50.9,2026-06-11 11:01:01
E3062,P2062,2026-03-03,2026-03-05,Emergency,Dr Foster,H002,M54.5,2026-06-11 11:01:02
E3063,P2063,2026-03-04,2026-03-07,Outpatient,Dr Grant,H003,K21.9,2026-06-11 11:01:03
E3064,P2064,2026-03-05,2026-03-09,Observation,Dr Hill,H004,J45.909,2026-06-11 11:01:04
E3065,P2065,2026-03-06,2026-03-11,Inpatient,Dr Adams,H005,I10,2026-06-11 11:01:05
E3066,P2066,2026-03-07,2026-03-13,Emergency,Dr Baker,H001,E11.9,2026-06-11 11:01:06
E3067,P2067,2026-03-08,2026-03-15,Outpatient,Dr Clark,H002,J18.9,2026-06-11 11:01:07
E3068,P2068,2026-03-09,2026-03-17,Observation,Dr Davis,H003,N18.9,2026-06-11 11:01:08
E3069,P2069,2026-03-10,2026-03-19,Inpatient,Dr Evans,H004,I50.9,2026-06-11 11:01:09
E3070,P2070,2026-03-11,2026-03-21,Emergency,Dr Foster,H005,M54.5,2026-06-11 11:01:10
E3071,P2071,2026-03-12,2026-03-13,Outpatient,Dr Grant,H001,K21.9,2026-06-11 11:01:11
E3072,P2072,2026-03-13,2026-03-15,Observation,Dr Hill,H002,J45.909,2026-06-11 11:01:12
E3073,P2073,2026-03-14,2026-03-17,Inpatient,Dr Adams,H003,I10,2026-06-11 11:01:13
E3074,P2074,2026-03-15,2026-03-19,Emergency,Dr Baker,H004,E11.9,2026-06-11 11:01:14
E3075,P2075,2026-03-16,2026-03-21,Outpatient,Dr Clark,H005,J18.9,2026-06-11 11:01:15
E3076,P2076,2026-03-17,2026-03-23,Observation,Dr Davis,H001,N18.9,2026-06-11 11:01:16
E3077,P2077,2026-03-18,2026-03-25,Inpatient,Dr Evans,H002,I50.9,2026-06-11 11:01:17
E3078,P2078,2026-03-19,2026-03-27,Emergency,Dr Foster,H003,M54.5,2026-06-11 11:01:18
E3079,P2079,2026-03-20,2026-03-29,Outpatient,Dr Grant,H004,K21.9,2026-06-11 11:01:19
E3080,P2080,2026-03-21,2026-03-31,Observation,Dr Hill,H005,J45.909,2026-06-11 11:01:20
E3081,P2081,2026-03-22,2026-03-23,Inpatient,Dr Adams,H001,I10,2026-06-11 11:01:21
E3082,P2082,2026-03-23,2026-03-25,Emergency,Dr Baker,H002,E11.9,2026-06-11 11:01:22
E3083,P2083,2026-03-24,2026-03-27,Outpatient,Dr Clark,H003,J18.9,2026-06-11 11:01:23
E3084,P2084,2026-03-25,2026-03-29,Observation,Dr Davis,H004,N18.9,2026-06-11 11:01:24
E3085,P2085,2026-03-26,2026-03-31,Inpatient,Dr Evans,H005,I50.9,2026-06-11 11:01:25
E3086,P2086,2026-03-27,2026-04-02,Emergency,Dr Foster,H001,M54.5,2026-06-11 11:01:26
E3087,P2087,2026-03-28,2026-04-04,Outpatient,Dr Grant,H002,K21.9,2026-06-11 11:01:27
E3088,P2088,2026-03-29,2026-04-06,Observation,Dr Hill,H003,J45.909,2026-06-11 11:01:28
E3089,P2089,2026-03-30,2026-04-08,Inpatient,Dr Adams,H004,I10,2026-06-11 11:01:29
E3090,P2090,2026-03-31,2026-04-10,Emergency,Dr Baker,H005,E11.9,2026-06-11 11:01:30
E3091,P2091,2026-04-01,2026-04-02,Outpatient,Dr Clark,H001,J18.9,2026-06-11 11:01:31
E3092,P2092,2026-04-02,2026-04-04,Observation,Dr Davis,H002,N18.9,2026-06-11 11:01:32
E3093,P2093,2026-04-03,2026-04-06,Inpatient,Dr Evans,H003,I50.9,2026-06-11 11:01:33
E3094,P2094,2026-04-04,2026-04-08,Emergency,Dr Foster,H004,M54.5,2026-06-11 11:01:34
E3095,P2095,2026-04-05,2026-04-10,Outpatient,Dr Grant,H005,K21.9,2026-06-11 11:01:35
E3096,P2096,2026-04-06,2026-04-12,Observation,Dr Hill,H001,J45.909,2026-06-11 11:01:36
E3097,P2097,2026-04-07,2026-04-14,Inpatient,Dr Adams,H002,I10,2026-06-11 11:01:37
E3098,P2098,2026-04-08,2026-04-16,Emergency,Dr Baker,H003,E11.9,2026-06-11 11:01:38
E3099,P2099,2026-04-09,2026-04-18,Outpatient,Dr Clark,H004,J18.9,2026-06-11 11:01:39
E3100,P2100,2026-04-10,2026-04-20,Observation,Dr Davis,H005,N18.9,2026-06-11 11:01:40
E3101,P2101,2026-04-11,2026-04-12,Inpatient,Dr Evans,H001,I50.9,2026-06-11 11:01:41
E3102,P2102,2026-04-12,2026-04-14,Emergency,Dr Foster,H002,M54.5,2026-06-11 11:01:42
E3103,P2103,2026-04-13,2026-04-16,Outpatient,Dr Grant,H003,K21.9,2026-06-11 11:01:43
E3104,P2104,2026-04-14,2026-04-18,Observation,Dr Hill,H004,J45.909,2026-06-11 11:01:44
E3105,P2105,2026-04-15,2026-04-20,Inpatient,Dr Adams,H005,I10,2026-06-11 11:01:45
E3106,P2106,2026-04-16,2026-04-22,Emergency,Dr Baker,H001,E11.9,2026-06-11 11:01:46
E3107,P2107,2026-04-17,2026-04-24,Outpatient,Dr Clark,H002,J18.9,2026-06-11 11:01:47
E3108,P2108,2026-04-18,2026-04-26,Observation,Dr Davis,H003,N18.9,2026-06-11 11:01:48
E3109,P2109,2026-04-19,2026-04-28,Inpatient,Dr Evans,H004,I50.9,2026-06-11 11:01:49
E3110,P2110,2026-04-20,2026-04-30,Emergency,Dr Foster,H005,M54.5,2026-06-11 11:01:50
E3111,P2111,2026-04-21,2026-04-22,Outpatient,Dr Grant,H001,K21.9,2026-06-11 11:01:51
E3112,P2112,2026-04-22,2026-04-24,Observation,Dr Hill,H002,J45.909,2026-06-11 11:01:52
E3113,P2113,2026-04-23,2026-04-26,Inpatient,Dr Adams,H003,I10,2026-06-11 11:01:53
E3114,P2114,2026-04-24,2026-04-28,Emergency,Dr Baker,H004,E11.9,2026-06-11 11:01:54
E3115,P2115,2026-04-25,2026-04-30,Outpatient,Dr Clark,H005,J18.9,2026-06-11 11:01:55
E3116,P2116,2026-04-26,2026-05-02,Observation,Dr Davis,H001,N18.9,2026-06-11 11:01:56
E3117,P2117,2026-04-27,2026-05-04,Inpatient,Dr Evans,H002,I50.9,2026-06-11 11:01:57
E3118,P2118,2026-04-28,2026-05-06,Emergency,Dr Foster,H003,M54.5,2026-06-11 11:01:58
E3119,P2119,2026-04-29,2026-05-08,Outpatient,Dr Grant,H004,K21.9,2026-06-11 11:01:59
E3120,P2120,2026-04-30,2026-05-10,Observation,Dr Hill,H005,J45.909,2026-06-11 11:02:00
E3121,P2121,2026-05-01,2026-05-02,Inpatient,Dr Adams,H001,I10,2026-06-11 11:02:01
E3122,P2122,2026-05-02,2026-05-04,Emergency,Dr Baker,H002,E11.9,2026-06-11 11:02:02
E3123,P2123,2026-05-03,2026-05-06,Outpatient,Dr Clark,H003,J18.9,2026-06-11 11:02:03
E3124,P2124,2026-05-04,2026-05-08,Observation,Dr Davis,H004,N18.9,2026-06-11 11:02:04
E3125,P2125,2026-05-05,2026-05-10,Inpatient,Dr Evans,H005,I50.9,2026-06-11 11:02:05
E3126,P2126,2026-05-06,2026-05-12,Emergency,Dr Foster,H001,M54.5,2026-06-11 11:02:06
E3127,P2127,2026-05-07,2026-05-14,Outpatient,Dr Grant,H002,K21.9,2026-06-11 11:02:07
E3128,P2128,2026-05-08,2026-05-16,Observation,Dr Hill,H003,J45.909,2026-06-11 11:02:08
E3129,P2129,2026-05-09,2026-05-18,Inpatient,Dr Adams,H004,I10,2026-06-11 11:02:09
E3130,P2130,2026-05-10,2026-05-20,Emergency,Dr Baker,H005,E11.9,2026-06-11 11:02:10
E3131,P2131,2026-05-11,2026-05-12,Outpatient,Dr Clark,H001,J18.9,2026-06-11 11:02:11
E3132,P2132,2026-05-12,2026-05-14,Observation,Dr Davis,H002,N18.9,2026-06-11 11:02:12
E3133,P2133,2026-05-13,2026-05-16,Inpatient,Dr Evans,H003,I50.9,2026-06-11 11:02:13
E3134,P2134,2026-05-14,2026-05-18,Emergency,Dr Foster,H004,M54.5,2026-06-11 11:02:14
E3135,P2135,2026-05-15,2026-05-20,Outpatient,Dr Grant,H005,K21.9,2026-06-11 11:02:15
E3136,P2136,2026-05-16,2026-05-22,Observation,Dr Hill,H001,J45.909,2026-06-11 11:02:16
E3137,P2137,2026-05-17,2026-05-24,Inpatient,Dr Adams,H002,I10,2026-06-11 11:02:17
E3138,P2138,2026-05-18,2026-05-26,Emergency,Dr Baker,H003,E11.9,2026-06-11 11:02:18
E3139,P2139,2026-05-19,2026-05-28,Outpatient,Dr Clark,H004,J18.9,2026-06-11 11:02:19
E3140,P2140,2026-05-20,2026-05-30,Observation,Dr Davis,H005,N18.9,2026-06-11 11:02:20
E3141,P2141,2026-05-21,2026-05-22,Inpatient,Dr Evans,H001,I50.9,2026-06-11 11:02:21
E3142,P2142,2026-05-22,2026-05-24,Emergency,Dr Foster,H002,M54.5,2026-06-11 11:02:22
E3143,P2143,2026-05-23,2026-05-26,Outpatient,Dr Grant,H003,K21.9,2026-06-11 11:02:23
E3144,P2144,2026-05-24,2026-05-28,Observation,Dr Hill,H004,J45.909,2026-06-11 11:02:24
E3145,P2145,2026-05-25,2026-05-30,Inpatient,Dr Adams,H005,I10,2026-06-11 11:02:25
E3146,P2146,2026-05-26,2026-06-01,Emergency,Dr Baker,H001,E11.9,2026-06-11 11:02:26
E3147,P2147,2026-05-27,2026-06-03,Outpatient,Dr Clark,H002,J18.9,2026-06-11 11:02:27
E3148,P2148,2026-05-28,2026-06-05,Observation,Dr Davis,H003,N18.9,2026-06-11 11:02:28
E3149,P2149,2026-05-29,2026-06-07,Inpatient,Dr Evans,H004,I50.9,2026-06-11 11:02:29
E3150,P2150,2026-05-30,2026-06-09,Emergency,Dr Foster,H005,M54.5,2026-06-11 11:02:30
E3151,P2151,2026-05-31,2026-06-01,Outpatient,Dr Grant,H001,K21.9,2026-06-11 11:02:31
E3152,P2152,2026-06-01,2026-06-03,Observation,Dr Hill,H002,J45.909,2026-06-11 11:02:32
E3153,P2153,2026-06-02,2026-06-05,Inpatient,Dr Adams,H003,I10,2026-06-11 11:02:33
E3154,P2154,2026-06-03,2026-06-07,Emergency,Dr Baker,H004,E11.9,2026-06-11 11:02:34
E3155,P2155,2026-06-04,2026-06-09,Outpatient,Dr Clark,H005,J18.9,2026-06-11 11:02:35
E3156,P2156,2026-06-05,2026-06-11,Observation,Dr Davis,H001,N18.9,2026-06-11 11:02:36
E3157,P2157,2026-06-06,2026-06-13,Inpatient,Dr Evans,H002,I50.9,2026-06-11 11:02:37
E3158,P2158,2026-06-07,2026-06-15,Emergency,Dr Foster,H003,M54.5,2026-06-11 11:02:38
E3159,P2159,2026-06-08,2026-06-17,Outpatient,Dr Grant,H004,K21.9,2026-06-11 11:02:39
E3160,P2160,2026-06-09,2026-06-19,Observation,Dr Hill,H005,J45.909,2026-06-11 11:02:40
E3161,P2161,2026-06-10,2026-06-11,Inpatient,Dr Adams,H001,I10,2026-06-11 11:02:41
E3162,P2162,2026-06-11,2026-06-13,Emergency,Dr Baker,H002,E11.9,2026-06-11 11:02:42
E3163,P2163,2026-06-12,2026-06-15,Outpatient,Dr Clark,H003,J18.9,2026-06-11 11:02:43
E3164,P2164,2026-06-13,2026-06-17,Observation,Dr Davis,H004,N18.9,2026-06-11 11:02:44
E3165,P2165,2026-06-14,2026-06-19,Inpatient,Dr Evans,H005,I50.9,2026-06-11 11:02:45
E3166,P2166,2026-06-15,2026-06-21,Emergency,Dr Foster,H001,M54.5,2026-06-11 11:02:46
E3167,P2167,2026-06-16,2026-06-23,Outpatient,Dr Grant,H002,K21.9,2026-06-11 11:02:47
E3168,P2168,2026-06-17,2026-06-25,Observation,Dr Hill,H003,J45.909,2026-06-11 11:02:48
E3169,P2169,2026-06-18,2026-06-27,Inpatient,Dr Adams,H004,I10,2026-06-11 11:02:49
E3170,P2170,2026-06-19,2026-06-29,Emergency,Dr Baker,H005,E11.9,2026-06-11 11:02:50
E3171,P2171,2026-06-20,2026-06-21,Outpatient,Dr Clark,H001,J18.9,2026-06-11 11:02:51
E3172,P2172,2026-06-21,2026-06-23,Observation,Dr Davis,H002,N18.9,2026-06-11 11:02:52
E3173,P2173,2026-06-22,2026-06-25,Inpatient,Dr Evans,H003,I50.9,2026-06-11 11:02:53
E3174,P2174,2026-06-23,2026-06-27,Emergency,Dr Foster,H004,M54.5,2026-06-11 11:02:54
E3175,P2175,2026-06-24,2026-06-29,Outpatient,Dr Grant,H005,K21.9,2026-06-11 11:02:55
E3176,P2176,2026-06-25,2026-07-01,Observation,Dr Hill,H001,J45.909,2026-06-11 11:02:56
E3177,P2177,2026-06-26,2026-07-03,Inpatient,Dr Adams,H002,I10,2026-06-11 11:02:57
E3178,P2178,2026-06-27,2026-07-05,Emergency,Dr Baker,H003,E11.9,2026-06-11 11:02:58
E3179,P2179,2026-06-28,2026-07-07,Outpatient,Dr Clark,H004,J18.9,2026-06-11 11:02:59
E3180,P2180,2026-06-29,2026-07-09,Observation,Dr Davis,H005,N18.9,2026-06-11 11:03:00
E3181,P2181,2026-01-01,2026-01-02,Inpatient,Dr Evans,H001,I50.9,2026-06-11 11:03:01
E3182,P2182,2026-01-02,2026-01-04,Emergency,Dr Foster,H002,M54.5,2026-06-11 11:03:02
E3183,P2183,2026-01-03,2026-01-06,Outpatient,Dr Grant,H003,K21.9,2026-06-11 11:03:03
E3184,P2184,2026-01-04,2026-01-08,Observation,Dr Hill,H004,J45.909,2026-06-11 11:03:04
E3185,P2185,2026-01-05,2026-01-10,Inpatient,Dr Adams,H005,I10,2026-06-11 11:03:05
E3186,P2186,2026-01-06,2026-01-12,Emergency,Dr Baker,H001,E11.9,2026-06-11 11:03:06
E3187,P2187,2026-01-07,2026-01-14,Outpatient,Dr Clark,H002,J18.9,2026-06-11 11:03:07
E3188,P2188,2026-01-08,2026-01-16,Observation,Dr Davis,H003,N18.9,2026-06-11 11:03:08
E3189,P2189,2026-01-09,2026-01-18,Inpatient,Dr Evans,H004,I50.9,2026-06-11 11:03:09
E3190,P2190,2026-01-10,2026-01-20,Emergency,Dr Foster,H005,M54.5,2026-06-11 11:03:10
E3191,P2191,2026-01-11,2026-01-12,Outpatient,Dr Grant,H001,K21.9,2026-06-11 11:03:11
E3192,P2192,2026-01-12,2026-01-14,Observation,Dr Hill,H002,J45.909,2026-06-11 11:03:12
E3193,P2193,2026-01-13,2026-01-16,Inpatient,Dr Adams,H003,I10,2026-06-11 11:03:13
E3194,P2194,2026-01-14,2026-01-18,Emergency,Dr Baker,H004,E11.9,2026-06-11 11:03:14
E3195,P2195,2026-01-15,2026-01-20,Outpatient,Dr Clark,H005,J18.9,2026-06-11 11:03:15
E3196,P2196,2026-01-16,2026-01-22,Observation,Dr Davis,H001,N18.9,2026-06-11 11:03:16
E3197,P2197,2026-01-17,2026-01-24,Inpatient,Dr Evans,H002,I50.9,2026-06-11 11:03:17
E3198,P2198,2026-01-18,2026-01-26,Emergency,Dr Foster,H003,M54.5,2026-06-11 11:03:18
E3199,P2199,2026-01-19,2026-01-28,Outpatient,Dr Grant,H004,K21.9,2026-06-11 11:03:19
E3200,P2200,2026-01-20,2026-01-30,Observation,Dr Hill,H005,J45.909,2026-06-11 11:03:20
E3201,P2201,2026-01-21,2026-01-22,Inpatient,Dr Adams,H001,I10,2026-06-11 11:03:21
E3202,P2202,2026-01-22,2026-01-24,Emergency,Dr Baker,H002,E11.9,2026-06-11 11:03:22
E3203,P2203,2026-01-23,2026-01-26,Outpatient,Dr Clark,H003,J18.9,2026-06-11 11:03:23
E3204,P2204,2026-01-24,2026-01-28,Observation,Dr Davis,H004,N18.9,2026-06-11 11:03:24
E3205,P2205,2026-01-25,2026-01-30,Inpatient,Dr Evans,H005,I50.9,2026-06-11 11:03:25
E3206,P2206,2026-01-26,2026-02-01,Emergency,Dr Foster,H001,M54.5,2026-06-11 11:03:26
E3207,P2207,2026-01-27,2026-02-03,Outpatient,Dr Grant,H002,K21.9,2026-06-11 11:03:27
E3208,P2208,2026-01-28,2026-02-05,Observation,Dr Hill,H003,J45.909,2026-06-11 11:03:28
E3209,P2209,2026-01-29,2026-02-07,Inpatient,Dr Adams,H004,I10,2026-06-11 11:03:29
E3210,P2210,2026-01-30,2026-02-09,Emergency,Dr Baker,H005,E11.9,2026-06-11 11:03:30
E3211,P2211,2026-01-31,2026-02-01,Outpatient,Dr Clark,H001,J18.9,2026-06-11 11:03:31
E3212,P2212,2026-02-01,2026-02-03,Observation,Dr Davis,H002,N18.9,2026-06-11 11:03:32
E3213,P2213,2026-02-02,2026-02-05,Inpatient,Dr Evans,H003,I50.9,2026-06-11 11:03:33
E3214,P2214,2026-02-03,2026-02-07,Emergency,Dr Foster,H004,M54.5,2026-06-11 11:03:34
E3215,P2215,2026-02-04,2026-02-09,Outpatient,Dr Grant,H005,K21.9,2026-06-11 11:03:35
E3216,P2216,2026-02-05,2026-02-11,Observation,Dr Hill,H001,J45.909,2026-06-11 11:03:36
E3217,P2217,2026-02-06,2026-02-13,Inpatient,Dr Adams,H002,I10,2026-06-11 11:03:37
E3218,P2218,2026-02-07,2026-02-15,Emergency,Dr Baker,H003,E11.9,2026-06-11 11:03:38
E3219,P2219,2026-02-08,2026-02-17,Outpatient,Dr Clark,H004,J18.9,2026-06-11 11:03:39
E3220,P2220,2026-02-09,2026-02-19,Observation,Dr Davis,H005,N18.9,2026-06-11 11:03:40
E3221,P2221,2026-02-10,2026-02-11,Inpatient,Dr Evans,H001,I50.9,2026-06-11 11:03:41
E3222,P2222,2026-02-11,2026-02-13,Emergency,Dr Foster,H002,M54.5,2026-06-11 11:03:42
E3223,P2223,2026-02-12,2026-02-15,Outpatient,Dr Grant,H003,K21.9,2026-06-11 11:03:43
E3224,P2224,2026-02-13,2026-02-17,Observation,Dr Hill,H004,J45.909,2026-06-11 11:03:44
E3225,P2225,2026-02-14,2026-02-19,Inpatient,Dr Adams,H005,I10,2026-06-11 11:03:45
E3226,P2226,2026-02-15,2026-02-21,Emergency,Dr Baker,H001,E11.9,2026-06-11 11:03:46
E3227,P2227,2026-02-16,2026-02-23,Outpatient,Dr Clark,H002,J18.9,2026-06-11 11:03:47
E3228,P2228,2026-02-17,2026-02-25,Observation,Dr Davis,H003,N18.9,2026-06-11 11:03:48
E3229,P2229,2026-02-18,2026-02-27,Inpatient,Dr Evans,H004,I50.9,2026-06-11 11:03:49
E3230,P2230,2026-02-19,2026-03-01,Emergency,Dr Foster,H005,M54.5,2026-06-11 11:03:50
E3231,P2231,2026-02-20,2026-02-21,Outpatient,Dr Grant,H001,K21.9,2026-06-11 11:03:51
E3232,P2232,2026-02-21,2026-02-23,Observation,Dr Hill,H002,J45.909,2026-06-11 11:03:52
E3233,P2233,2026-02-22,2026-02-25,Inpatient,Dr Adams,H003,I10,2026-06-11 11:03:53
E3234,P2234,2026-02-23,2026-02-27,Emergency,Dr Baker,H004,E11.9,2026-06-11 11:03:54
E3235,P2235,2026-02-24,2026-03-01,Outpatient,Dr Clark,H005,J18.9,2026-06-11 11:03:55
E3236,P2236,2026-02-25,2026-03-03,Observation,Dr Davis,H001,N18.9,2026-06-11 11:03:56
E3237,P2237,2026-02-26,2026-03-05,Inpatient,Dr Evans,H002,I50.9,2026-06-11 11:03:57
E3238,P2238,2026-02-27,2026-03-07,Emergency,Dr Foster,H003,M54.5,2026-06-11 11:03:58
E3239,P2239,2026-02-28,2026-03-09,Outpatient,Dr Grant,H004,K21.9,2026-06-11 11:03:59
E3240,P2240,2026-03-01,2026-03-11,Observation,Dr Hill,H005,J45.909,2026-06-11 11:04:00
E3241,P2241,2026-03-02,2026-03-03,Inpatient,Dr Adams,H001,I10,2026-06-11 11:04:01
E3242,P2242,2026-03-03,2026-03-05,Emergency,Dr Baker,H002,E11.9,2026-06-11 11:04:02
E3243,P2243,2026-03-04,2026-03-07,Outpatient,Dr Clark,H003,J18.9,2026-06-11 11:04:03
E3244,P2244,2026-03-05,2026-03-09,Observation,Dr Davis,H004,N18.9,2026-06-11 11:04:04
E3245,P2245,2026-03-06,2026-03-11,Inpatient,Dr Evans,H005,I50.9,2026-06-11 11:04:05
E3246,P2246,2026-03-07,2026-03-13,Emergency,Dr Foster,H001,M54.5,2026-06-11 11:04:06
E3247,P2247,2026-03-08,2026-03-15,Outpatient,Dr Grant,H002,K21.9,2026-06-11 11:04:07
E3248,P2248,2026-03-09,2026-03-17,Observation,Dr Hill,H003,J45.909,2026-06-11 11:04:08
E3249,P2249,2026-03-10,2026-03-19,Inpatient,Dr Adams,H004,I10,2026-06-11 11:04:09
E3250,P2250,2026-03-11,2026-03-21,Emergency,Dr Baker,H005,E11.9,2026-06-11 11:04:10
E3251,P2251,2026-03-12,2026-03-13,Outpatient,Dr Clark,H001,J18.9,2026-06-11 11:04:11
E3252,P2252,2026-03-13,2026-03-15,Observation,Dr Davis,H002,N18.9,2026-06-11 11:04:12
E3253,P2253,2026-03-14,2026-03-17,Inpatient,Dr Evans,H003,I50.9,2026-06-11 11:04:13
E3254,P2254,2026-03-15,2026-03-19,Emergency,Dr Foster,H004,M54.5,2026-06-11 11:04:14
E3255,P2255,2026-03-16,2026-03-21,Outpatient,Dr Grant,H005,K21.9,2026-06-11 11:04:15
E3256,P2256,2026-03-17,2026-03-23,Observation,Dr Hill,H001,J45.909,2026-06-11 11:04:16
E3257,P2257,2026-03-18,2026-03-25,Inpatient,Dr Adams,H002,I10,2026-06-11 11:04:17
E3258,P2258,2026-03-19,2026-03-27,Emergency,Dr Baker,H003,E11.9,2026-06-11 11:04:18
E3259,P2259,2026-03-20,2026-03-29,Outpatient,Dr Clark,H004,J18.9,2026-06-11 11:04:19
E3260,P2260,2026-03-21,2026-03-31,Observation,Dr Davis,H005,N18.9,2026-06-11 11:04:20
E3261,P2261,2026-03-22,2026-03-23,Inpatient,Dr Evans,H001,I50.9,2026-06-11 11:04:21
E3262,P2262,2026-03-23,2026-03-25,Emergency,Dr Foster,H002,M54.5,2026-06-11 11:04:22
E3263,P2263,2026-03-24,2026-03-27,Outpatient,Dr Grant,H003,K21.9,2026-06-11 11:04:23
E3264,P2264,2026-03-25,2026-03-29,Observation,Dr Hill,H004,J45.909,2026-06-11 11:04:24
E3265,P2265,2026-03-26,2026-03-31,Inpatient,Dr Adams,H005,I10,2026-06-11 11:04:25
E3266,P2266,2026-03-27,2026-04-02,Emergency,Dr Baker,H001,E11.9,2026-06-11 11:04:26
E3267,P2267,2026-03-28,2026-04-04,Outpatient,Dr Clark,H002,J18.9,2026-06-11 11:04:27
E3268,P2268,2026-03-29,2026-04-06,Observation,Dr Davis,H003,N18.9,2026-06-11 11:04:28
E3269,P2269,2026-03-30,2026-04-08,Inpatient,Dr Evans,H004,I50.9,2026-06-11 11:04:29
E3270,P2270,2026-03-31,2026-04-10,Emergency,Dr Foster,H005,M54.5,2026-06-11 11:04:30
E3271,P2271,2026-04-01,2026-04-02,Outpatient,Dr Grant,H001,K21.9,2026-06-11 11:04:31
E3272,P2272,2026-04-02,2026-04-04,Observation,Dr Hill,H002,J45.909,2026-06-11 11:04:32
E3273,P2273,2026-04-03,2026-04-06,Inpatient,Dr Adams,H003,I10,2026-06-11 11:04:33
E3274,P2274,2026-04-04,2026-04-08,Emergency,Dr Baker,H004,E11.9,2026-06-11 11:04:34
E3275,P2275,2026-04-05,2026-04-10,Outpatient,Dr Clark,H005,J18.9,2026-06-11 11:04:35
E3276,P2276,2026-04-06,2026-04-12,Observation,Dr Davis,H001,N18.9,2026-06-11 11:04:36
E3277,P2277,2026-04-07,2026-04-14,Inpatient,Dr Evans,H002,I50.9,2026-06-11 11:04:37
E3278,P2278,2026-04-08,2026-04-16,Emergency,Dr Foster,H003,M54.5,2026-06-11 11:04:38
E3279,P2279,2026-04-09,2026-04-18,Outpatient,Dr Grant,H004,K21.9,2026-06-11 11:04:39
E3280,P2280,2026-04-10,2026-04-20,Observation,Dr Hill,H005,J45.909,2026-06-11 11:04:40
E3281,P2281,2026-04-11,2026-04-12,Inpatient,Dr Adams,H001,I10,2026-06-11 11:04:41
E3282,P2282,2026-04-12,2026-04-14,Emergency,Dr Baker,H002,E11.9,2026-06-11 11:04:42
E3283,P2283,2026-04-13,2026-04-16,Outpatient,Dr Clark,H003,J18.9,2026-06-11 11:04:43
E3284,P2284,2026-04-14,2026-04-18,Observation,Dr Davis,H004,N18.9,2026-06-11 11:04:44
E3285,P2285,2026-04-15,2026-04-20,Inpatient,Dr Evans,H005,I50.9,2026-06-11 11:04:45
E3286,P2286,2026-04-16,2026-04-22,Emergency,Dr Foster,H001,M54.5,2026-06-11 11:04:46
E3287,P2287,2026-04-17,2026-04-24,Outpatient,Dr Grant,H002,K21.9,2026-06-11 11:04:47
E3288,P2288,2026-04-18,2026-04-26,Observation,Dr Hill,H003,J45.909,2026-06-11 11:04:48
E3289,P2289,2026-04-19,2026-04-28,Inpatient,Dr Adams,H004,I10,2026-06-11 11:04:49
E3290,P2290,2026-04-20,2026-04-30,Emergency,Dr Baker,H005,E11.9,2026-06-11 11:04:50
E3291,P2291,2026-04-21,2026-04-22,Outpatient,Dr Clark,H001,J18.9,2026-06-11 11:04:51
E3292,P2292,2026-04-22,2026-04-24,Observation,Dr Davis,H002,N18.9,2026-06-11 11:04:52
E3293,P2293,2026-04-23,2026-04-26,Inpatient,Dr Evans,H003,I50.9,2026-06-11 11:04:53
E3294,P2294,2026-04-24,2026-04-28,Emergency,Dr Foster,H004,M54.5,2026-06-11 11:04:54
E3295,P2295,2026-04-25,2026-04-30,Outpatient,Dr Grant,H005,K21.9,2026-06-11 11:04:55
E3296,P2296,2026-04-26,2026-05-02,Observation,Dr Hill,H001,J45.909,2026-06-11 11:04:56
E3297,P2297,2026-04-27,2026-05-04,Inpatient,Dr Adams,H002,I10,2026-06-11 11:04:57
E3298,P2298,2026-04-28,2026-05-06,Emergency,Dr Baker,H003,E11.9,2026-06-11 11:04:58
E3299,P2299,2026-04-29,2026-05-08,Outpatient,Dr Clark,H004,J18.9,2026-06-11 11:04:59
E3300,P2300,2026-04-30,2026-05-10,Observation,Dr Davis,H005,N18.9,2026-06-11 11:05:00
E3301,P2301,2026-05-01,2026-05-02,Inpatient,Dr Evans,H001,I50.9,2026-06-11 11:05:01
E3302,P2302,2026-05-02,2026-05-04,Emergency,Dr Foster,H002,M54.5,2026-06-11 11:05:02
E3303,P2303,2026-05-03,2026-05-06,Outpatient,Dr Grant,H003,K21.9,2026-06-11 11:05:03
E3304,P2304,2026-05-04,2026-05-08,Observation,Dr Hill,H004,J45.909,2026-06-11 11:05:04
E3305,P2305,2026-05-05,2026-05-10,Inpatient,Dr Adams,H005,I10,2026-06-11 11:05:05
E3306,P2306,2026-05-06,2026-05-12,Emergency,Dr Baker,H001,E11.9,2026-06-11 11:05:06
E3307,P2307,2026-05-07,2026-05-14,Outpatient,Dr Clark,H002,J18.9,2026-06-11 11:05:07
E3308,P2308,2026-05-08,2026-05-16,Observation,Dr Davis,H003,N18.9,2026-06-11 11:05:08
E3309,P2309,2026-05-09,2026-05-18,Inpatient,Dr Evans,H004,I50.9,2026-06-11 11:05:09
E3310,P2310,2026-05-10,2026-05-20,Emergency,Dr Foster,H005,M54.5,2026-06-11 11:05:10
E3311,P2311,2026-05-11,2026-05-12,Outpatient,Dr Grant,H001,K21.9,2026-06-11 11:05:11
E3312,P2312,2026-05-12,2026-05-14,Observation,Dr Hill,H002,J45.909,2026-06-11 11:05:12
E3313,P2313,2026-05-13,2026-05-16,Inpatient,Dr Adams,H003,I10,2026-06-11 11:05:13
E3314,P2314,2026-05-14,2026-05-18,Emergency,Dr Baker,H004,E11.9,2026-06-11 11:05:14
E3315,P2315,2026-05-15,2026-05-20,Outpatient,Dr Clark,H005,J18.9,2026-06-11 11:05:15
E3316,P2316,2026-05-16,2026-05-22,Observation,Dr Davis,H001,N18.9,2026-06-11 11:05:16
E3317,P2317,2026-05-17,2026-05-24,Inpatient,Dr Evans,H002,I50.9,2026-06-11 11:05:17
E3318,P2318,2026-05-18,2026-05-26,Emergency,Dr Foster,H003,M54.5,2026-06-11 11:05:18
E3319,P2319,2026-05-19,2026-05-28,Outpatient,Dr Grant,H004,K21.9,2026-06-11 11:05:19
E3320,P2320,2026-05-20,2026-05-30,Observation,Dr Hill,H005,J45.909,2026-06-11 11:05:20
E3321,P2321,2026-05-21,2026-05-22,Inpatient,Dr Adams,H001,I10,2026-06-11 11:05:21
E3322,P2322,2026-05-22,2026-05-24,Emergency,Dr Baker,H002,E11.9,2026-06-11 11:05:22
E3323,P2323,2026-05-23,2026-05-26,Outpatient,Dr Clark,H003,J18.9,2026-06-11 11:05:23
E3324,P2324,2026-05-24,2026-05-28,Observation,Dr Davis,H004,N18.9,2026-06-11 11:05:24
E3325,P2325,2026-05-25,2026-05-30,Inpatient,Dr Evans,H005,I50.9,2026-06-11 11:05:25
E3326,P2326,2026-05-26,2026-06-01,Emergency,Dr Foster,H001,M54.5,2026-06-11 11:05:26
E3327,P2327,2026-05-27,2026-06-03,Outpatient,Dr Grant,H002,K21.9,2026-06-11 11:05:27
E3328,P2328,2026-05-28,2026-06-05,Observation,Dr Hill,H003,J45.909,2026-06-11 11:05:28
E3329,P2329,2026-05-29,2026-06-07,Inpatient,Dr Adams,H004,I10,2026-06-11 11:05:29
E3330,P2330,2026-05-30,2026-06-09,Emergency,Dr Baker,H005,E11.9,2026-06-11 11:05:30
E3331,P2331,2026-05-31,2026-06-01,Outpatient,Dr Clark,H001,J18.9,2026-06-11 11:05:31
E3332,P2332,2026-06-01,2026-06-03,Observation,Dr Davis,H002,N18.9,2026-06-11 11:05:32
E3333,P2333,2026-06-02,2026-06-05,Inpatient,Dr Evans,H003,I50.9,2026-06-11 11:05:33
E3334,P2334,2026-06-03,2026-06-07,Emergency,Dr Foster,H004,M54.5,2026-06-11 11:05:34
E3335,P2335,2026-06-04,2026-06-09,Outpatient,Dr Grant,H005,K21.9,2026-06-11 11:05:35
E3336,P2336,2026-06-05,2026-06-11,Observation,Dr Hill,H001,J45.909,2026-06-11 11:05:36
E3337,P2337,2026-06-06,2026-06-13,Inpatient,Dr Adams,H002,I10,2026-06-11 11:05:37
E3338,P2338,2026-06-07,2026-06-15,Emergency,Dr Baker,H003,E11.9,2026-06-11 11:05:38
E3339,P2339,2026-06-08,2026-06-17,Outpatient,Dr Clark,H004,J18.9,2026-06-11 11:05:39
E3340,P2340,2026-06-09,2026-06-19,Observation,Dr Davis,H005,N18.9,2026-06-11 11:05:40
E3341,P2341,2026-06-10,2026-06-11,Inpatient,Dr Evans,H001,I50.9,2026-06-11 11:05:41
E3342,P2342,2026-06-11,2026-06-13,Emergency,Dr Foster,H002,M54.5,2026-06-11 11:05:42
E3343,P2343,2026-06-12,2026-06-15,Outpatient,Dr Grant,H003,K21.9,2026-06-11 11:05:43
E3344,P2344,2026-06-13,2026-06-17,Observation,Dr Hill,H004,J45.909,2026-06-11 11:05:44
E3345,P2345,2026-06-14,2026-06-19,Inpatient,Dr Adams,H005,I10,2026-06-11 11:05:45
E3346,P2346,2026-06-15,2026-06-21,Emergency,Dr Baker,H001,E11.9,2026-06-11 11:05:46
E3347,P2347,2026-06-16,2026-06-23,Outpatient,Dr Clark,H002,J18.9,2026-06-11 11:05:47
E3348,P2348,2026-06-17,2026-06-25,Observation,Dr Davis,H003,N18.9,2026-06-11 11:05:48
E3349,P2349,2026-06-18,2026-06-27,Inpatient,Dr Evans,H004,I50.9,2026-06-11 11:05:49
E3350,P2350,2026-06-19,2026-06-29,Emergency,Dr Foster,H005,M54.5,2026-06-11 11:05:50
E3351,P2351,2026-06-20,2026-06-21,Outpatient,Dr Grant,H001,K21.9,2026-06-11 11:05:51
E3352,P2352,2026-06-21,2026-06-23,Observation,Dr Hill,H002,J45.909,2026-06-11 11:05:52
E3353,P2353,2026-06-22,2026-06-25,Inpatient,Dr Adams,H003,I10,2026-06-11 11:05:53
E3354,P2354,2026-06-23,2026-06-27,Emergency,Dr Baker,H004,E11.9,2026-06-11 11:05:54
E3355,P2355,2026-06-24,2026-06-29,Outpatient,Dr Clark,H005,J18.9,2026-06-11 11:05:55
E3356,P2356,2026-06-25,2026-07-01,Observation,Dr Davis,H001,N18.9,2026-06-11 11:05:56
E3357,P2357,2026-06-26,2026-07-03,Inpatient,Dr Evans,H002,I50.9,2026-06-11 11:05:57
E3358,P2358,2026-06-27,2026-07-05,Emergency,Dr Foster,H003,M54.5,2026-06-11 11:05:58
E3359,P2359,2026-06-28,2026-07-07,Outpatient,Dr Grant,H004,K21.9,2026-06-11 11:05:59
E3360,P2360,2026-06-29,2026-07-09,Observation,Dr Hill,H005,J45.909,2026-06-11 11:06:00
E3361,P2361,2026-01-01,2026-01-02,Inpatient,Dr Adams,H001,I10,2026-06-11 11:06:01
E3362,P2362,2026-01-02,2026-01-04,Emergency,Dr Baker,H002,E11.9,2026-06-11 11:06:02
E3363,P2363,2026-01-03,2026-01-06,Outpatient,Dr Clark,H003,J18.9,2026-06-11 11:06:03
E3364,P2364,2026-01-04,2026-01-08,Observation,Dr Davis,H004,N18.9,2026-06-11 11:06:04
E3365,P2365,2026-01-05,2026-01-10,Inpatient,Dr Evans,H005,I50.9,2026-06-11 11:06:05
E3366,P2366,2026-01-06,2026-01-12,Emergency,Dr Foster,H001,M54.5,2026-06-11 11:06:06
E3367,P2367,2026-01-07,2026-01-14,Outpatient,Dr Grant,H002,K21.9,2026-06-11 11:06:07
E3368,P2368,2026-01-08,2026-01-16,Observation,Dr Hill,H003,J45.909,2026-06-11 11:06:08
E3369,P2369,2026-01-09,2026-01-18,Inpatient,Dr Adams,H004,I10,2026-06-11 11:06:09
E3370,P2370,2026-01-10,2026-01-20,Emergency,Dr Baker,H005,E11.9,2026-06-11 11:06:10
E3371,P2371,2026-01-11,2026-01-12,Outpatient,Dr Clark,H001,J18.9,2026-06-11 11:06:11
E3372,P2372,2026-01-12,2026-01-14,Observation,Dr Davis,H002,N18.9,2026-06-11 11:06:12
E3373,P2373,2026-01-13,2026-01-16,Inpatient,Dr Evans,H003,I50.9,2026-06-11 11:06:13
E3374,P2374,2026-01-14,2026-01-18,Emergency,Dr Foster,H004,M54.5,2026-06-11 11:06:14
E3375,P2375,2026-01-15,2026-01-20,Outpatient,Dr Grant,H005,K21.9,2026-06-11 11:06:15
E3376,P2376,2026-01-16,2026-01-22,Observation,Dr Hill,H001,J45.909,2026-06-11 11:06:16
E3377,P2377,2026-01-17,2026-01-24,Inpatient,Dr Adams,H002,I10,2026-06-11 11:06:17
E3378,P2378,2026-01-18,2026-01-26,Emergency,Dr Baker,H003,E11.9,2026-06-11 11:06:18
E3379,P2379,2026-01-19,2026-01-28,Outpatient,Dr Clark,H004,J18.9,2026-06-11 11:06:19
E3380,P2380,2026-01-20,2026-01-30,Observation,Dr Davis,H005,N18.9,2026-06-11 11:06:20
E3381,P2381,2026-01-21,2026-01-22,Inpatient,Dr Evans,H001,I50.9,2026-06-11 11:06:21
E3382,P2382,2026-01-22,2026-01-24,Emergency,Dr Foster,H002,M54.5,2026-06-11 11:06:22
E3383,P2383,2026-01-23,2026-01-26,Outpatient,Dr Grant,H003,K21.9,2026-06-11 11:06:23
E3384,P2384,2026-01-24,2026-01-28,Observation,Dr Hill,H004,J45.909,2026-06-11 11:06:24
E3385,P2385,2026-01-25,2026-01-30,Inpatient,Dr Adams,H005,I10,2026-06-11 11:06:25
E3386,P2386,2026-01-26,2026-02-01,Emergency,Dr Baker,H001,E11.9,2026-06-11 11:06:26
E3387,P2387,2026-01-27,2026-02-03,Outpatient,Dr Clark,H002,J18.9,2026-06-11 11:06:27
E3388,P2388,2026-01-28,2026-02-05,Observation,Dr Davis,H003,N18.9,2026-06-11 11:06:28
E3389,P2389,2026-01-29,2026-02-07,Inpatient,Dr Evans,H004,I50.9,2026-06-11 11:06:29
E3390,P2390,2026-01-30,2026-02-09,Emergency,Dr Foster,H005,M54.5,2026-06-11 11:06:30
E3391,P2391,2026-01-31,2026-02-01,Outpatient,Dr Grant,H001,K21.9,2026-06-11 11:06:31
E3392,P2392,2026-02-01,2026-02-03,Observation,Dr Hill,H002,J45.909,2026-06-11 11:06:32
E3393,P2393,2026-02-02,2026-02-05,Inpatient,Dr Adams,H003,I10,2026-06-11 11:06:33
E3394,P2394,2026-02-03,2026-02-07,Emergency,Dr Baker,H004,E11.9,2026-06-11 11:06:34
E3395,P2395,2026-02-04,2026-02-09,Outpatient,Dr Clark,H005,J18.9,2026-06-11 11:06:35
E3396,P2396,2026-02-05,2026-02-11,Observation,Dr Davis,H001,N18.9,2026-06-11 11:06:36
E3397,P2397,2026-02-06,2026-02-13,Inpatient,Dr Evans,H002,I50.9,2026-06-11 11:06:37
E3398,P2398,2026-02-07,2026-02-15,Emergency,Dr Foster,H003,M54.5,2026-06-11 11:06:38
E3399,P2399,2026-02-08,2026-02-17,Outpatient,Dr Grant,H004,K21.9,2026-06-11 11:06:39
E3400,P2400,2026-02-09,2026-02-19,Observation,Dr Hill,H005,J45.909,2026-06-11 11:06:40
E3401,P2401,2026-02-10,2026-02-11,Inpatient,Dr Adams,H001,I10,2026-06-11 11:06:41
E3402,P2402,2026-02-11,2026-02-13,Emergency,Dr Baker,H002,E11.9,2026-06-11 11:06:42
E3403,P2403,2026-02-12,2026-02-15,Outpatient,Dr Clark,H003,J18.9,2026-06-11 11:06:43
E3404,P2404,2026-02-13,2026-02-17,Observation,Dr Davis,H004,N18.9,2026-06-11 11:06:44
E3405,P2405,2026-02-14,2026-02-19,Inpatient,Dr Evans,H005,I50.9,2026-06-11 11:06:45
E3406,P2406,2026-02-15,2026-02-21,Emergency,Dr Foster,H001,M54.5,2026-06-11 11:06:46
E3407,P2407,2026-02-16,2026-02-23,Outpatient,Dr Grant,H002,K21.9,2026-06-11 11:06:47
E3408,P2408,2026-02-17,2026-02-25,Observation,Dr Hill,H003,J45.909,2026-06-11 11:06:48
E3409,P2409,2026-02-18,2026-02-27,Inpatient,Dr Adams,H004,I10,2026-06-11 11:06:49
E3410,P2410,2026-02-19,2026-03-01,Emergency,Dr Baker,H005,E11.9,2026-06-11 11:06:50
E3411,P2411,2026-02-20,2026-02-21,Outpatient,Dr Clark,H001,J18.9,2026-06-11 11:06:51
E3412,P2412,2026-02-21,2026-02-23,Observation,Dr Davis,H002,N18.9,2026-06-11 11:06:52
E3413,P2413,2026-02-22,2026-02-25,Inpatient,Dr Evans,H003,I50.9,2026-06-11 11:06:53
E3414,P2414,2026-02-23,2026-02-27,Emergency,Dr Foster,H004,M54.5,2026-06-11 11:06:54
E3415,P2415,2026-02-24,2026-03-01,Outpatient,Dr Grant,H005,K21.9,2026-06-11 11:06:55
E3416,P2416,2026-02-25,2026-03-03,Observation,Dr Hill,H001,J45.909,2026-06-11 11:06:56
E3417,P2417,2026-02-26,2026-03-05,Inpatient,Dr Adams,H002,I10,2026-06-11 11:06:57
E3418,P2418,2026-02-27,2026-03-07,Emergency,Dr Baker,H003,E11.9,2026-06-11 11:06:58
E3419,P2419,2026-02-28,2026-03-09,Outpatient,Dr Clark,H004,J18.9,2026-06-11 11:06:59
E3420,P2420,2026-03-01,2026-03-11,Observation,Dr Davis,H005,N18.9,2026-06-11 11:07:00
E3421,P2421,2026-03-02,2026-03-03,Inpatient,Dr Evans,H001,I50.9,2026-06-11 11:07:01
E3422,P2422,2026-03-03,2026-03-05,Emergency,Dr Foster,H002,M54.5,2026-06-11 11:07:02
E3423,P2423,2026-03-04,2026-03-07,Outpatient,Dr Grant,H003,K21.9,2026-06-11 11:07:03
E3424,P2424,2026-03-05,2026-03-09,Observation,Dr Hill,H004,J45.909,2026-06-11 11:07:04
E3425,P2425,2026-03-06,2026-03-11,Inpatient,Dr Adams,H005,I10,2026-06-11 11:07:05
E3426,P2426,2026-03-07,2026-03-13,Emergency,Dr Baker,H001,E11.9,2026-06-11 11:07:06
E3427,P2427,2026-03-08,2026-03-15,Outpatient,Dr Clark,H002,J18.9,2026-06-11 11:07:07
E3428,P2428,2026-03-09,2026-03-17,Observation,Dr Davis,H003,N18.9,2026-06-11 11:07:08
E3429,P2429,2026-03-10,2026-03-19,Inpatient,Dr Evans,H004,I50.9,2026-06-11 11:07:09
E3430,P2430,2026-03-11,2026-03-21,Emergency,Dr Foster,H005,M54.5,2026-06-11 11:07:10
E3431,P2431,2026-03-12,2026-03-13,Outpatient,Dr Grant,H001,K21.9,2026-06-11 11:07:11
E3432,P2432,2026-03-13,2026-03-15,Observation,Dr Hill,H002,J45.909,2026-06-11 11:07:12
E3433,P2433,2026-03-14,2026-03-17,Inpatient,Dr Adams,H003,I10,2026-06-11 11:07:13
E3434,P2434,2026-03-15,2026-03-19,Emergency,Dr Baker,H004,E11.9,2026-06-11 11:07:14
E3435,P2435,2026-03-16,2026-03-21,Outpatient,Dr Clark,H005,J18.9,2026-06-11 11:07:15
E3436,P2436,2026-03-17,2026-03-23,Observation,Dr Davis,H001,N18.9,2026-06-11 11:07:16
E3437,P2437,2026-03-18,2026-03-25,Inpatient,Dr Evans,H002,I50.9,2026-06-11 11:07:17
E3438,P2438,2026-03-19,2026-03-27,Emergency,Dr Foster,H003,M54.5,2026-06-11 11:07:18
E3439,P2439,2026-03-20,2026-03-29,Outpatient,Dr Grant,H004,K21.9,2026-06-11 11:07:19
E3440,P2440,2026-03-21,2026-03-31,Observation,Dr Hill,H005,J45.909,2026-06-11 11:07:20
E3441,P2441,2026-03-22,2026-03-23,Inpatient,Dr Adams,H001,I10,2026-06-11 11:07:21
E3442,P2442,2026-03-23,2026-03-25,Emergency,Dr Baker,H002,E11.9,2026-06-11 11:07:22
E3443,P2443,2026-03-24,2026-03-27,Outpatient,Dr Clark,H003,J18.9,2026-06-11 11:07:23
E3444,P2444,2026-03-25,2026-03-29,Observation,Dr Davis,H004,N18.9,2026-06-11 11:07:24
E3445,P2445,2026-03-26,2026-03-31,Inpatient,Dr Evans,H005,I50.9,2026-06-11 11:07:25
E3446,P2446,2026-03-27,2026-04-02,Emergency,Dr Foster,H001,M54.5,2026-06-11 11:07:26
E3447,P2447,2026-03-28,2026-04-04,Outpatient,Dr Grant,H002,K21.9,2026-06-11 11:07:27
E3448,P2448,2026-03-29,2026-04-06,Observation,Dr Hill,H003,J45.909,2026-06-11 11:07:28
E3449,P2449,2026-03-30,2026-04-08,Inpatient,Dr Adams,H004,I10,2026-06-11 11:07:29
E3450,P2450,2026-03-31,2026-04-10,Emergency,Dr Baker,H005,E11.9,2026-06-11 11:07:30
E3451,P2451,2026-04-01,2026-04-02,Outpatient,Dr Clark,H001,J18.9,2026-06-11 11:07:31
E3452,P2452,2026-04-02,2026-04-04,Observation,Dr Davis,H002,N18.9,2026-06-11 11:07:32
E3453,P2453,2026-04-03,2026-04-06,Inpatient,Dr Evans,H003,I50.9,2026-06-11 11:07:33
E3454,P2454,2026-04-04,2026-04-08,Emergency,Dr Foster,H004,M54.5,2026-06-11 11:07:34
E3455,P2455,2026-04-05,2026-04-10,Outpatient,Dr Grant,H005,K21.9,2026-06-11 11:07:35
E3456,P2456,2026-04-06,2026-04-12,Observation,Dr Hill,H001,J45.909,2026-06-11 11:07:36
E3457,P2457,2026-04-07,2026-04-14,Inpatient,Dr Adams,H002,I10,2026-06-11 11:07:37
E3458,P2458,2026-04-08,2026-04-16,Emergency,Dr Baker,H003,E11.9,2026-06-11 11:07:38
E3459,P2459,2026-04-09,2026-04-18,Outpatient,Dr Clark,H004,J18.9,2026-06-11 11:07:39
E3460,P2460,2026-04-10,2026-04-20,Observation,Dr Davis,H005,N18.9,2026-06-11 11:07:40
E3461,P2461,2026-04-11,2026-04-12,Inpatient,Dr Evans,H001,I50.9,2026-06-11 11:07:41
E3462,P2462,2026-04-12,2026-04-14,Emergency,Dr Foster,H002,M54.5,2026-06-11 11:07:42
E3463,P2463,2026-04-13,2026-04-16,Outpatient,Dr Grant,H003,K21.9,2026-06-11 11:07:43
E3464,P2464,2026-04-14,2026-04-18,Observation,Dr Hill,H004,J45.909,2026-06-11 11:07:44
E3465,P2465,2026-04-15,2026-04-20,Inpatient,Dr Adams,H005,I10,2026-06-11 11:07:45
E3466,P2466,2026-04-16,2026-04-22,Emergency,Dr Baker,H001,E11.9,2026-06-11 11:07:46
E3467,P2467,2026-04-17,2026-04-24,Outpatient,Dr Clark,H002,J18.9,2026-06-11 11:07:47
E3468,P2468,2026-04-18,2026-04-26,Observation,Dr Davis,H003,N18.9,2026-06-11 11:07:48
E3469,P2469,2026-04-19,2026-04-28,Inpatient,Dr Evans,H004,I50.9,2026-06-11 11:07:49
E3470,P2470,2026-04-20,2026-04-30,Emergency,Dr Foster,H005,M54.5,2026-06-11 11:07:50
E3471,P2471,2026-04-21,2026-04-22,Outpatient,Dr Grant,H001,K21.9,2026-06-11 11:07:51
E3472,P2472,2026-04-22,2026-04-24,Observation,Dr Hill,H002,J45.909,2026-06-11 11:07:52
E3473,P2473,2026-04-23,2026-04-26,Inpatient,Dr Adams,H003,I10,2026-06-11 11:07:53
E3474,P2474,2026-04-24,2026-04-28,Emergency,Dr Baker,H004,E11.9,2026-06-11 11:07:54
E3475,P2475,2026-04-25,2026-04-30,Outpatient,Dr Clark,H005,J18.9,2026-06-11 11:07:55
E3476,P2476,2026-04-26,2026-05-02,Observation,Dr Davis,H001,N18.9,2026-06-11 11:07:56
E3477,P2477,2026-04-27,2026-05-04,Inpatient,Dr Evans,H002,I50.9,2026-06-11 11:07:57
E3478,P2478,2026-04-28,2026-05-06,Emergency,Dr Foster,H003,M54.5,2026-06-11 11:07:58
E3479,P2479,2026-04-29,2026-05-08,Outpatient,Dr Grant,H004,K21.9,2026-06-11 11:07:59
E3480,P2480,2026-04-30,2026-05-10,Observation,Dr Hill,H005,J45.909,2026-06-11 11:08:00
E3481,P2481,2026-05-01,2026-05-02,Inpatient,Dr Adams,H001,I10,2026-06-11 11:08:01
E3482,P2482,2026-05-02,2026-05-04,Emergency,Dr Baker,H002,E11.9,2026-06-11 11:08:02
E3483,P2483,2026-05-03,2026-05-06,Outpatient,Dr Clark,H003,J18.9,2026-06-11 11:08:03
E3484,P2484,2026-05-04,2026-05-08,Observation,Dr Davis,H004,N18.9,2026-06-11 11:08:04
E3485,P2485,2026-05-05,2026-05-10,Inpatient,Dr Evans,H005,I50.9,2026-06-11 11:08:05
E3486,P2486,2026-05-06,2026-05-12,Emergency,Dr Foster,H001,M54.5,2026-06-11 11:08:06
E3487,P2487,2026-05-07,2026-05-14,Outpatient,Dr Grant,H002,K21.9,2026-06-11 11:08:07
E3488,P2488,2026-05-08,2026-05-16,Observation,Dr Hill,H003,J45.909,2026-06-11 11:08:08
E3489,P2489,2026-05-09,2026-05-18,Inpatient,Dr Adams,H004,I10,2026-06-11 11:08:09
E3490,P2490,2026-05-10,2026-05-20,Emergency,Dr Baker,H005,E11.9,2026-06-11 11:08:10
E3491,P2491,2026-05-11,2026-05-12,Outpatient,Dr Clark,H001,J18.9,2026-06-11 11:08:11
E3492,P2492,2026-05-12,2026-05-14,Observation,Dr Davis,H002,N18.9,2026-06-11 11:08:12
E3493,P2493,2026-05-13,2026-05-16,Inpatient,Dr Evans,H003,I50.9,2026-06-11 11:08:13
E3494,P2494,2026-05-14,2026-05-18,Emergency,Dr Foster,H004,M54.5,2026-06-11 11:08:14
E3495,P2495,2026-05-15,2026-05-20,Outpatient,Dr Grant,H005,K21.9,2026-06-11 11:08:15
E3496,P2496,2026-05-16,2026-05-22,Observation,Dr Hill,H001,J45.909,2026-06-11 11:08:16
E3497,P2497,2026-05-17,2026-05-24,Inpatient,Dr Adams,H002,I10,2026-06-11 11:08:17
E3498,P2498,2026-05-18,2026-05-26,Emergency,Dr Baker,H003,E11.9,2026-06-11 11:08:18
E3499,P2499,2026-05-19,2026-05-28,Outpatient,Dr Clark,H004,J18.9,2026-06-11 11:08:19
E3500,P2500,2026-05-20,2026-05-30,Observation,Dr Davis,H005,N18.9,2026-06-11 11:08:20
E3501,P2501,2026-05-21,2026-05-22,Inpatient,Dr Evans,H001,I50.9,2026-06-11 11:08:21
E3502,P2502,2026-05-22,2026-05-24,Emergency,Dr Foster,H002,M54.5,2026-06-11 11:08:22
E3503,P2503,2026-05-23,2026-05-26,Outpatient,Dr Grant,H003,K21.9,2026-06-11 11:08:23
E3504,P2504,2026-05-24,2026-05-28,Observation,Dr Hill,H004,J45.909,2026-06-11 11:08:24
E3505,P2505,2026-05-25,2026-05-30,Inpatient,Dr Adams,H005,I10,2026-06-11 11:08:25
E3506,P2506,2026-05-26,2026-06-01,Emergency,Dr Baker,H001,E11.9,2026-06-11 11:08:26
E3507,P2507,2026-05-27,2026-06-03,Outpatient,Dr Clark,H002,J18.9,2026-06-11 11:08:27
E3508,P2508,2026-05-28,2026-06-05,Observation,Dr Davis,H003,N18.9,2026-06-11 11:08:28
E3509,P2509,2026-05-29,2026-06-07,Inpatient,Dr Evans,H004,I50.9,2026-06-11 11:08:29
E3510,P2510,2026-05-30,2026-06-09,Emergency,Dr Foster,H005,M54.5,2026-06-11 11:08:30
E3511,P2511,2026-05-31,2026-06-01,Outpatient,Dr Grant,H001,K21.9,2026-06-11 11:08:31
E3512,P2512,2026-06-01,2026-06-03,Observation,Dr Hill,H002,J45.909,2026-06-11 11:08:32
E3513,P2513,2026-06-02,2026-06-05,Inpatient,Dr Adams,H003,I10,2026-06-11 11:08:33
E3514,P2514,2026-06-03,2026-06-07,Emergency,Dr Baker,H004,E11.9,2026-06-11 11:08:34
E3515,P2515,2026-06-04,2026-06-09,Outpatient,Dr Clark,H005,J18.9,2026-06-11 11:08:35
E3516,P2516,2026-06-05,2026-06-11,Observation,Dr Davis,H001,N18.9,2026-06-11 11:08:36
E3517,P2517,2026-06-06,2026-06-13,Inpatient,Dr Evans,H002,I50.9,2026-06-11 11:08:37
E3518,P2518,2026-06-07,2026-06-15,Emergency,Dr Foster,H003,M54.5,2026-06-11 11:08:38
E3519,P2519,2026-06-08,2026-06-17,Outpatient,Dr Grant,H004,K21.9,2026-06-11 11:08:39
E3520,P2520,2026-06-09,2026-06-19,Observation,Dr Hill,H005,J45.909,2026-06-11 11:08:40
E3521,P2521,2026-06-10,2026-06-11,Inpatient,Dr Adams,H001,I10,2026-06-11 11:08:41
E3522,P2522,2026-06-11,2026-06-13,Emergency,Dr Baker,H002,E11.9,2026-06-11 11:08:42
E3523,P2523,2026-06-12,2026-06-15,Outpatient,Dr Clark,H003,J18.9,2026-06-11 11:08:43
E3524,P2524,2026-06-13,2026-06-17,Observation,Dr Davis,H004,N18.9,2026-06-11 11:08:44
E3525,P2525,2026-06-14,2026-06-19,Inpatient,Dr Evans,H005,I50.9,2026-06-11 11:08:45
E3526,P2526,2026-06-15,2026-06-21,Emergency,Dr Foster,H001,M54.5,2026-06-11 11:08:46
E3527,P2527,2026-06-16,2026-06-23,Outpatient,Dr Grant,H002,K21.9,2026-06-11 11:08:47
E3528,P2528,2026-06-17,2026-06-25,Observation,Dr Hill,H003,J45.909,2026-06-11 11:08:48
E3529,P2529,2026-06-18,2026-06-27,Inpatient,Dr Adams,H004,I10,2026-06-11 11:08:49
E3530,P2530,2026-06-19,2026-06-29,Emergency,Dr Baker,H005,E11.9,2026-06-11 11:08:50
E3531,P2531,2026-06-20,2026-06-21,Outpatient,Dr Clark,H001,J18.9,2026-06-11 11:08:51
E3532,P2532,2026-06-21,2026-06-23,Observation,Dr Davis,H002,N18.9,2026-06-11 11:08:52
E3533,P2533,2026-06-22,2026-06-25,Inpatient,Dr Evans,H003,I50.9,2026-06-11 11:08:53
E3534,P2534,2026-06-23,2026-06-27,Emergency,Dr Foster,H004,M54.5,2026-06-11 11:08:54
E3535,P2535,2026-06-24,2026-06-29,Outpatient,Dr Grant,H005,K21.9,2026-06-11 11:08:55
E3536,P2536,2026-06-25,2026-07-01,Observation,Dr Hill,H001,J45.909,2026-06-11 11:08:56
E3537,P2537,2026-06-26,2026-07-03,Inpatient,Dr Adams,H002,I10,2026-06-11 11:08:57
E3538,P2538,2026-06-27,2026-07-05,Emergency,Dr Baker,H003,E11.9,2026-06-11 11:08:58
E3539,P2539,2026-06-28,2026-07-07,Outpatient,Dr Clark,H004,J18.9,2026-06-11 11:08:59
E3540,P2540,2026-06-29,2026-07-09,Observation,Dr Davis,H005,N18.9,2026-06-11 11:09:00
E3541,P2541,2026-01-01,2026-01-02,Inpatient,Dr Evans,H001,I50.9,2026-06-11 11:09:01
E3542,P2542,2026-01-02,2026-01-04,Emergency,Dr Foster,H002,M54.5,2026-06-11 11:09:02
E3543,P2543,2026-01-03,2026-01-06,Outpatient,Dr Grant,H003,K21.9,2026-06-11 11:09:03
E3544,P2544,2026-01-04,2026-01-08,Observation,Dr Hill,H004,J45.909,2026-06-11 11:09:04
E3545,P2545,2026-01-05,2026-01-10,Inpatient,Dr Adams,H005,I10,2026-06-11 11:09:05
E3546,P2546,2026-01-06,2026-01-12,Emergency,Dr Baker,H001,E11.9,2026-06-11 11:09:06
E3547,P2547,2026-01-07,2026-01-14,Outpatient,Dr Clark,H002,J18.9,2026-06-11 11:09:07
E3548,P2548,2026-01-08,2026-01-16,Observation,Dr Davis,H003,N18.9,2026-06-11 11:09:08
E3549,P2549,2026-01-09,2026-01-18,Inpatient,Dr Evans,H004,I50.9,2026-06-11 11:09:09
E3550,P2550,2026-01-10,2026-01-20,Emergency,Dr Foster,H005,M54.5,2026-06-11 11:09:10
E3551,P2551,2026-01-11,2026-01-12,Outpatient,Dr Grant,H001,K21.9,2026-06-11 11:09:11
E3552,P2552,2026-01-12,2026-01-14,Observation,Dr Hill,H002,J45.909,2026-06-11 11:09:12
E3553,P2553,2026-01-13,2026-01-16,Inpatient,Dr Adams,H003,I10,2026-06-11 11:09:13
E3554,P2554,2026-01-14,2026-01-18,Emergency,Dr Baker,H004,E11.9,2026-06-11 11:09:14
E3555,P2555,2026-01-15,2026-01-20,Outpatient,Dr Clark,H005,J18.9,2026-06-11 11:09:15
E3556,P2556,2026-01-16,2026-01-22,Observation,Dr Davis,H001,N18.9,2026-06-11 11:09:16
E3557,P2557,2026-01-17,2026-01-24,Inpatient,Dr Evans,H002,I50.9,2026-06-11 11:09:17
E3558,P2558,2026-01-18,2026-01-26,Emergency,Dr Foster,H003,M54.5,2026-06-11 11:09:18
E3559,P2559,2026-01-19,2026-01-28,Outpatient,Dr Grant,H004,K21.9,2026-06-11 11:09:19
E3560,P2560,2026-01-20,2026-01-30,Observation,Dr Hill,H005,J45.909,2026-06-11 11:09:20
E3561,P2561,2026-01-21,2026-01-22,Inpatient,Dr Adams,H001,I10,2026-06-11 11:09:21
E3562,P2562,2026-01-22,2026-01-24,Emergency,Dr Baker,H002,E11.9,2026-06-11 11:09:22
E3563,P2563,2026-01-23,2026-01-26,Outpatient,Dr Clark,H003,J18.9,2026-06-11 11:09:23
E3564,P2564,2026-01-24,2026-01-28,Observation,Dr Davis,H004,N18.9,2026-06-11 11:09:24
E3565,P2565,2026-01-25,2026-01-30,Inpatient,Dr Evans,H005,I50.9,2026-06-11 11:09:25
E3566,P2566,2026-01-26,2026-02-01,Emergency,Dr Foster,H001,M54.5,2026-06-11 11:09:26
E3567,P2567,2026-01-27,2026-02-03,Outpatient,Dr Grant,H002,K21.9,2026-06-11 11:09:27
E3568,P2568,2026-01-28,2026-02-05,Observation,Dr Hill,H003,J45.909,2026-06-11 11:09:28
E3569,P2569,2026-01-29,2026-02-07,Inpatient,Dr Adams,H004,I10,2026-06-11 11:09:29
E3570,P2570,2026-01-30,2026-02-09,Emergency,Dr Baker,H005,E11.9,2026-06-11 11:09:30
E3571,P2571,2026-01-31,2026-02-01,Outpatient,Dr Clark,H001,J18.9,2026-06-11 11:09:31
E3572,P2572,2026-02-01,2026-02-03,Observation,Dr Davis,H002,N18.9,2026-06-11 11:09:32
E3573,P2573,2026-02-02,2026-02-05,Inpatient,Dr Evans,H003,I50.9,2026-06-11 11:09:33
E3574,P2574,2026-02-03,2026-02-07,Emergency,Dr Foster,H004,M54.5,2026-06-11 11:09:34
E3575,P2575,2026-02-04,2026-02-09,Outpatient,Dr Grant,H005,K21.9,2026-06-11 11:09:35
E3576,P2576,2026-02-05,2026-02-11,Observation,Dr Hill,H001,J45.909,2026-06-11 11:09:36
E3577,P2577,2026-02-06,2026-02-13,Inpatient,Dr Adams,H002,I10,2026-06-11 11:09:37
E3578,P2578,2026-02-07,2026-02-15,Emergency,Dr Baker,H003,E11.9,2026-06-11 11:09:38
E3579,P2579,2026-02-08,2026-02-17,Outpatient,Dr Clark,H004,J18.9,2026-06-11 11:09:39
E3580,P2580,2026-02-09,2026-02-19,Observation,Dr Davis,H005,N18.9,2026-06-11 11:09:40
E3581,P2581,2026-02-10,2026-02-11,Inpatient,Dr Evans,H001,I50.9,2026-06-11 11:09:41
E3582,P2582,2026-02-11,2026-02-13,Emergency,Dr Foster,H002,M54.5,2026-06-11 11:09:42
E3583,P2583,2026-02-12,2026-02-15,Outpatient,Dr Grant,H003,K21.9,2026-06-11 11:09:43
E3584,P2584,2026-02-13,2026-02-17,Observation,Dr Hill,H004,J45.909,2026-06-11 11:09:44
E3585,P2585,2026-02-14,2026-02-19,Inpatient,Dr Adams,H005,I10,2026-06-11 11:09:45
E3586,P2586,2026-02-15,2026-02-21,Emergency,Dr Baker,H001,E11.9,2026-06-11 11:09:46
E3587,P2587,2026-02-16,2026-02-23,Outpatient,Dr Clark,H002,J18.9,2026-06-11 11:09:47
E3588,P2588,2026-02-17,2026-02-25,Observation,Dr Davis,H003,N18.9,2026-06-11 11:09:48
E3589,P2589,2026-02-18,2026-02-27,Inpatient,Dr Evans,H004,I50.9,2026-06-11 11:09:49
E3590,P2590,2026-02-19,2026-03-01,Emergency,Dr Foster,H005,M54.5,2026-06-11 11:09:50
E3591,P2591,2026-02-20,2026-02-21,Outpatient,Dr Grant,H001,K21.9,2026-06-11 11:09:51
E3592,P2592,2026-02-21,2026-02-23,Observation,Dr Hill,H002,J45.909,2026-06-11 11:09:52
E3593,P2593,2026-02-22,2026-02-25,Inpatient,Dr Adams,H003,I10,2026-06-11 11:09:53
E3594,P2594,2026-02-23,2026-02-27,Emergency,Dr Baker,H004,E11.9,2026-06-11 11:09:54
E3595,P2595,2026-02-24,2026-03-01,Outpatient,Dr Clark,H005,J18.9,2026-06-11 11:09:55
E3596,P2596,2026-02-25,2026-03-03,Observation,Dr Davis,H001,N18.9,2026-06-11 11:09:56
E3597,P2597,2026-02-26,2026-03-05,Inpatient,Dr Evans,H002,I50.9,2026-06-11 11:09:57
E3598,P2598,2026-02-27,2026-03-07,Emergency,Dr Foster,H003,M54.5,2026-06-11 11:09:58
E3599,P2599,2026-02-28,2026-03-09,Outpatient,Dr Grant,H004,K21.9,2026-06-11 11:09:59
E3600,P2600,2026-03-01,2026-03-11,Observation,Dr Hill,H005,J45.909,2026-06-11 11:10:00
E3601,P2601,2026-03-02,2026-03-03,Inpatient,Dr Adams,H001,I10,2026-06-11 11:10:01
E3602,P2602,2026-03-03,2026-03-05,Emergency,Dr Baker,H002,E11.9,2026-06-11 11:10:02
E3603,P2603,2026-03-04,2026-03-07,Outpatient,Dr Clark,H003,J18.9,2026-06-11 11:10:03
E3604,P2604,2026-03-05,2026-03-09,Observation,Dr Davis,H004,N18.9,2026-06-11 11:10:04
E3605,P2605,2026-03-06,2026-03-11,Inpatient,Dr Evans,H005,I50.9,2026-06-11 11:10:05
E3606,P2606,2026-03-07,2026-03-13,Emergency,Dr Foster,H001,M54.5,2026-06-11 11:10:06
E3607,P2607,2026-03-08,2026-03-15,Outpatient,Dr Grant,H002,K21.9,2026-06-11 11:10:07
E3608,P2608,2026-03-09,2026-03-17,Observation,Dr Hill,H003,J45.909,2026-06-11 11:10:08
E3609,P2609,2026-03-10,2026-03-19,Inpatient,Dr Adams,H004,I10,2026-06-11 11:10:09
E3610,P2610,2026-03-11,2026-03-21,Emergency,Dr Baker,H005,E11.9,2026-06-11 11:10:10
E3611,P2611,2026-03-12,2026-03-13,Outpatient,Dr Clark,H001,J18.9,2026-06-11 11:10:11
E3612,P2612,2026-03-13,2026-03-15,Observation,Dr Davis,H002,N18.9,2026-06-11 11:10:12
E3613,P2613,2026-03-14,2026-03-17,Inpatient,Dr Evans,H003,I50.9,2026-06-11 11:10:13
E3614,P2614,2026-03-15,2026-03-19,Emergency,Dr Foster,H004,M54.5,2026-06-11 11:10:14
E3615,P2615,2026-03-16,2026-03-21,Outpatient,Dr Grant,H005,K21.9,2026-06-11 11:10:15
E3616,P2616,2026-03-17,2026-03-23,Observation,Dr Hill,H001,J45.909,2026-06-11 11:10:16
E3617,P2617,2026-03-18,2026-03-25,Inpatient,Dr Adams,H002,I10,2026-06-11 11:10:17
E3618,P2618,2026-03-19,2026-03-27,Emergency,Dr Baker,H003,E11.9,2026-06-11 11:10:18
E3619,P2619,2026-03-20,2026-03-29,Outpatient,Dr Clark,H004,J18.9,2026-06-11 11:10:19
E3620,P2620,2026-03-21,2026-03-31,Observation,Dr Davis,H005,N18.9,2026-06-11 11:10:20
E3621,P2621,2026-03-22,2026-03-23,Inpatient,Dr Evans,H001,I50.9,2026-06-11 11:10:21
E3622,P2622,2026-03-23,2026-03-25,Emergency,Dr Foster,H002,M54.5,2026-06-11 11:10:22
E3623,P2623,2026-03-24,2026-03-27,Outpatient,Dr Grant,H003,K21.9,2026-06-11 11:10:23
E3624,P2624,2026-03-25,2026-03-29,Observation,Dr Hill,H004,J45.909,2026-06-11 11:10:24
E3625,P2625,2026-03-26,2026-03-31,Inpatient,Dr Adams,H005,I10,2026-06-11 11:10:25
E3626,P2626,2026-03-27,2026-04-02,Emergency,Dr Baker,H001,E11.9,2026-06-11 11:10:26
E3627,P2627,2026-03-28,2026-04-04,Outpatient,Dr Clark,H002,J18.9,2026-06-11 11:10:27
E3628,P2628,2026-03-29,2026-04-06,Observation,Dr Davis,H003,N18.9,2026-06-11 11:10:28
E3629,P2629,2026-03-30,2026-04-08,Inpatient,Dr Evans,H004,I50.9,2026-06-11 11:10:29
E3630,P2630,2026-03-31,2026-04-10,Emergency,Dr Foster,H005,M54.5,2026-06-11 11:10:30
E3631,P2631,2026-04-01,2026-04-02,Outpatient,Dr Grant,H001,K21.9,2026-06-11 11:10:31
E3632,P2632,2026-04-02,2026-04-04,Observation,Dr Hill,H002,J45.909,2026-06-11 11:10:32
E3633,P2633,2026-04-03,2026-04-06,Inpatient,Dr Adams,H003,I10,2026-06-11 11:10:33
E3634,P2634,2026-04-04,2026-04-08,Emergency,Dr Baker,H004,E11.9,2026-06-11 11:10:34
E3635,P2635,2026-04-05,2026-04-10,Outpatient,Dr Clark,H005,J18.9,2026-06-11 11:10:35
E3636,P2636,2026-04-06,2026-04-12,Observation,Dr Davis,H001,N18.9,2026-06-11 11:10:36
E3637,P2637,2026-04-07,2026-04-14,Inpatient,Dr Evans,H002,I50.9,2026-06-11 11:10:37
E3638,P2638,2026-04-08,2026-04-16,Emergency,Dr Foster,H003,M54.5,2026-06-11 11:10:38
E3639,P2639,2026-04-09,2026-04-18,Outpatient,Dr Grant,H004,K21.9,2026-06-11 11:10:39
E3640,P2640,2026-04-10,2026-04-20,Observation,Dr Hill,H005,J45.909,2026-06-11 11:10:40
E3641,P2641,2026-04-11,2026-04-12,Inpatient,Dr Adams,H001,I10,2026-06-11 11:10:41
E3642,P2642,2026-04-12,2026-04-14,Emergency,Dr Baker,H002,E11.9,2026-06-11 11:10:42
E3643,P2643,2026-04-13,2026-04-16,Outpatient,Dr Clark,H003,J18.9,2026-06-11 11:10:43
E3644,P2644,2026-04-14,2026-04-18,Observation,Dr Davis,H004,N18.9,2026-06-11 11:10:44
E3645,P2645,2026-04-15,2026-04-20,Inpatient,Dr Evans,H005,I50.9,2026-06-11 11:10:45
E3646,P2646,2026-04-16,2026-04-22,Emergency,Dr Foster,H001,M54.5,2026-06-11 11:10:46
E3647,P2647,2026-04-17,2026-04-24,Outpatient,Dr Grant,H002,K21.9,2026-06-11 11:10:47
E3648,P2648,2026-04-18,2026-04-26,Observation,Dr Hill,H003,J45.909,2026-06-11 11:10:48
E3649,P2649,2026-04-19,2026-04-28,Inpatient,Dr Adams,H004,I10,2026-06-11 11:10:49
E3650,P2650,2026-04-20,2026-04-30,Emergency,Dr Baker,H005,E11.9,2026-06-11 11:10:50
E3651,P2651,2026-04-21,2026-04-22,Outpatient,Dr Clark,H001,J18.9,2026-06-11 11:10:51
E3652,P2652,2026-04-22,2026-04-24,Observation,Dr Davis,H002,N18.9,2026-06-11 11:10:52
E3653,P2653,2026-04-23,2026-04-26,Inpatient,Dr Evans,H003,I50.9,2026-06-11 11:10:53
E3654,P2654,2026-04-24,2026-04-28,Emergency,Dr Foster,H004,M54.5,2026-06-11 11:10:54
E3655,P2655,2026-04-25,2026-04-30,Outpatient,Dr Grant,H005,K21.9,2026-06-11 11:10:55
E3656,P2656,2026-04-26,2026-05-02,Observation,Dr Hill,H001,J45.909,2026-06-11 11:10:56
E3657,P2657,2026-04-27,2026-05-04,Inpatient,Dr Adams,H002,I10,2026-06-11 11:10:57
E3658,P2658,2026-04-28,2026-05-06,Emergency,Dr Baker,H003,E11.9,2026-06-11 11:10:58
E3659,P2659,2026-04-29,2026-05-08,Outpatient,Dr Clark,H004,J18.9,2026-06-11 11:10:59
E3660,P2660,2026-04-30,2026-05-10,Observation,Dr Davis,H005,N18.9,2026-06-11 11:11:00
E3661,P2661,2026-05-01,2026-05-02,Inpatient,Dr Evans,H001,I50.9,2026-06-11 11:11:01
E3662,P2662,2026-05-02,2026-05-04,Emergency,Dr Foster,H002,M54.5,2026-06-11 11:11:02
E3663,P2663,2026-05-03,2026-05-06,Outpatient,Dr Grant,H003,K21.9,2026-06-11 11:11:03
E3664,P2664,2026-05-04,2026-05-08,Observation,Dr Hill,H004,J45.909,2026-06-11 11:11:04
E3665,P2665,2026-05-05,2026-05-10,Inpatient,Dr Adams,H005,I10,2026-06-11 11:11:05
E3666,P2666,2026-05-06,2026-05-12,Emergency,Dr Baker,H001,E11.9,2026-06-11 11:11:06
E3667,P2667,2026-05-07,2026-05-14,Outpatient,Dr Clark,H002,J18.9,2026-06-11 11:11:07
E3668,P2668,2026-05-08,2026-05-16,Observation,Dr Davis,H003,N18.9,2026-06-11 11:11:08
E3669,P2669,2026-05-09,2026-05-18,Inpatient,Dr Evans,H004,I50.9,2026-06-11 11:11:09
E3670,P2670,2026-05-10,2026-05-20,Emergency,Dr Foster,H005,M54.5,2026-06-11 11:11:10
E3671,P2671,2026-05-11,2026-05-12,Outpatient,Dr Grant,H001,K21.9,2026-06-11 11:11:11
E3672,P2672,2026-05-12,2026-05-14,Observation,Dr Hill,H002,J45.909,2026-06-11 11:11:12
E3673,P2673,2026-05-13,2026-05-16,Inpatient,Dr Adams,H003,I10,2026-06-11 11:11:13
E3674,P2674,2026-05-14,2026-05-18,Emergency,Dr Baker,H004,E11.9,2026-06-11 11:11:14
E3675,P2675,2026-05-15,2026-05-20,Outpatient,Dr Clark,H005,J18.9,2026-06-11 11:11:15
E3676,P2676,2026-05-16,2026-05-22,Observation,Dr Davis,H001,N18.9,2026-06-11 11:11:16
E3677,P2677,2026-05-17,2026-05-24,Inpatient,Dr Evans,H002,I50.9,2026-06-11 11:11:17
E3678,P2678,2026-05-18,2026-05-26,Emergency,Dr Foster,H003,M54.5,2026-06-11 11:11:18
E3679,P2679,2026-05-19,2026-05-28,Outpatient,Dr Grant,H004,K21.9,2026-06-11 11:11:19
E3680,P2680,2026-05-20,2026-05-30,Observation,Dr Hill,H005,J45.909,2026-06-11 11:11:20
E3681,P2681,2026-05-21,2026-05-22,Inpatient,Dr Adams,H001,I10,2026-06-11 11:11:21
E3682,P2682,2026-05-22,2026-05-24,Emergency,Dr Baker,H002,E11.9,2026-06-11 11:11:22
E3683,P2683,2026-05-23,2026-05-26,Outpatient,Dr Clark,H003,J18.9,2026-06-11 11:11:23
E3684,P2684,2026-05-24,2026-05-28,Observation,Dr Davis,H004,N18.9,2026-06-11 11:11:24
E3685,P2685,2026-05-25,2026-05-30,Inpatient,Dr Evans,H005,I50.9,2026-06-11 11:11:25
E3686,P2686,2026-05-26,2026-06-01,Emergency,Dr Foster,H001,M54.5,2026-06-11 11:11:26
E3687,P2687,2026-05-27,2026-06-03,Outpatient,Dr Grant,H002,K21.9,2026-06-11 11:11:27
E3688,P2688,2026-05-28,2026-06-05,Observation,Dr Hill,H003,J45.909,2026-06-11 11:11:28
E3689,P2689,2026-05-29,2026-06-07,Inpatient,Dr Adams,H004,I10,2026-06-11 11:11:29
E3690,P2690,2026-05-30,2026-06-09,Emergency,Dr Baker,H005,E11.9,2026-06-11 11:11:30
E3691,P2691,2026-05-31,2026-06-01,Outpatient,Dr Clark,H001,J18.9,2026-06-11 11:11:31
E3692,P2692,2026-06-01,2026-06-03,Observation,Dr Davis,H002,N18.9,2026-06-11 11:11:32
E3693,P2693,2026-06-02,2026-06-05,Inpatient,Dr Evans,H003,I50.9,2026-06-11 11:11:33
E3694,P2694,2026-06-03,2026-06-07,Emergency,Dr Foster,H004,M54.5,2026-06-11 11:11:34
E3695,P2695,2026-06-04,2026-06-09,Outpatient,Dr Grant,H005,K21.9,2026-06-11 11:11:35
E3696,P2696,2026-06-05,2026-06-11,Observation,Dr Hill,H001,J45.909,2026-06-11 11:11:36
E3697,P2697,2026-06-06,2026-06-13,Inpatient,Dr Adams,H002,I10,2026-06-11 11:11:37
E3698,P2698,2026-06-07,2026-06-15,Emergency,Dr Baker,H003,E11.9,2026-06-11 11:11:38
E3699,P2699,2026-06-08,2026-06-17,Outpatient,Dr Clark,H004,J18.9,2026-06-11 11:11:39
E3700,P2700,2026-06-09,2026-06-19,Observation,Dr Davis,H005,N18.9,2026-06-11 11:11:40
E3701,P2701,2026-06-10,2026-06-11,Inpatient,Dr Evans,H001,I50.9,2026-06-11 11:11:41
E3702,P2702,2026-06-11,2026-06-13,Emergency,Dr Foster,H002,M54.5,2026-06-11 11:11:42
E3703,P2703,2026-06-12,2026-06-15,Outpatient,Dr Grant,H003,K21.9,2026-06-11 11:11:43
E3704,P2704,2026-06-13,2026-06-17,Observation,Dr Hill,H004,J45.909,2026-06-11 11:11:44
E3705,P2705,2026-06-14,2026-06-19,Inpatient,Dr Adams,H005,I10,2026-06-11 11:11:45
E3706,P2706,2026-06-15,2026-06-21,Emergency,Dr Baker,H001,E11.9,2026-06-11 11:11:46
E3707,P2707,2026-06-16,2026-06-23,Outpatient,Dr Clark,H002,J18.9,2026-06-11 11:11:47
E3708,P2708,2026-06-17,2026-06-25,Observation,Dr Davis,H003,N18.9,2026-06-11 11:11:48
E3709,P2709,2026-06-18,2026-06-27,Inpatient,Dr Evans,H004,I50.9,2026-06-11 11:11:49
E3710,P2710,2026-06-19,2026-06-29,Emergency,Dr Foster,H005,M54.5,2026-06-11 11:11:50
E3711,P2711,2026-06-20,2026-06-21,Outpatient,Dr Grant,H001,K21.9,2026-06-11 11:11:51
E3712,P2712,2026-06-21,2026-06-23,Observation,Dr Hill,H002,J45.909,2026-06-11 11:11:52
E3713,P2713,2026-06-22,2026-06-25,Inpatient,Dr Adams,H003,I10,2026-06-11 11:11:53
E3714,P2714,2026-06-23,2026-06-27,Emergency,Dr Baker,H004,E11.9,2026-06-11 11:11:54
E3715,P2715,2026-06-24,2026-06-29,Outpatient,Dr Clark,H005,J18.9,2026-06-11 11:11:55
E3716,P2716,2026-06-25,2026-07-01,Observation,Dr Davis,H001,N18.9,2026-06-11 11:11:56
E3717,P2717,2026-06-26,2026-07-03,Inpatient,Dr Evans,H002,I50.9,2026-06-11 11:11:57
E3718,P2718,2026-06-27,2026-07-05,Emergency,Dr Foster,H003,M54.5,2026-06-11 11:11:58
E3719,P2719,2026-06-28,2026-07-07,Outpatient,Dr Grant,H004,K21.9,2026-06-11 11:11:59
E3720,P2720,2026-06-29,2026-07-09,Observation,Dr Hill,H005,J45.909,2026-06-11 11:12:00
E3721,P2721,2026-01-01,2026-01-02,Inpatient,Dr Adams,H001,I10,2026-06-11 11:12:01
E3722,P2722,2026-01-02,2026-01-04,Emergency,Dr Baker,H002,E11.9,2026-06-11 11:12:02
E3723,P2723,2026-01-03,2026-01-06,Outpatient,Dr Clark,H003,J18.9,2026-06-11 11:12:03
E3724,P2724,2026-01-04,2026-01-08,Observation,Dr Davis,H004,N18.9,2026-06-11 11:12:04
E3725,P2725,2026-01-05,2026-01-10,Inpatient,Dr Evans,H005,I50.9,2026-06-11 11:12:05
E3726,P2726,2026-01-06,2026-01-12,Emergency,Dr Foster,H001,M54.5,2026-06-11 11:12:06
E3727,P2727,2026-01-07,2026-01-14,Outpatient,Dr Grant,H002,K21.9,2026-06-11 11:12:07
E3728,P2728,2026-01-08,2026-01-16,Observation,Dr Hill,H003,J45.909,2026-06-11 11:12:08
E3729,P2729,2026-01-09,2026-01-18,Inpatient,Dr Adams,H004,I10,2026-06-11 11:12:09
E3730,P2730,2026-01-10,2026-01-20,Emergency,Dr Baker,H005,E11.9,2026-06-11 11:12:10
E3731,P2731,2026-01-11,2026-01-12,Outpatient,Dr Clark,H001,J18.9,2026-06-11 11:12:11
E3732,P2732,2026-01-12,2026-01-14,Observation,Dr Davis,H002,N18.9,2026-06-11 11:12:12
E3733,P2733,2026-01-13,2026-01-16,Inpatient,Dr Evans,H003,I50.9,2026-06-11 11:12:13
E3734,P2734,2026-01-14,2026-01-18,Emergency,Dr Foster,H004,M54.5,2026-06-11 11:12:14
E3735,P2735,2026-01-15,2026-01-20,Outpatient,Dr Grant,H005,K21.9,2026-06-11 11:12:15
E3736,P2736,2026-01-16,2026-01-22,Observation,Dr Hill,H001,J45.909,2026-06-11 11:12:16
E3737,P2737,2026-01-17,2026-01-24,Inpatient,Dr Adams,H002,I10,2026-06-11 11:12:17
E3738,P2738,2026-01-18,2026-01-26,Emergency,Dr Baker,H003,E11.9,2026-06-11 11:12:18
E3739,P2739,2026-01-19,2026-01-28,Outpatient,Dr Clark,H004,J18.9,2026-06-11 11:12:19
E3740,P2740,2026-01-20,2026-01-30,Observation,Dr Davis,H005,N18.9,2026-06-11 11:12:20
E3741,P2741,2026-01-21,2026-01-22,Inpatient,Dr Evans,H001,I50.9,2026-06-11 11:12:21
E3742,P2742,2026-01-22,2026-01-24,Emergency,Dr Foster,H002,M54.5,2026-06-11 11:12:22
E3743,P2743,2026-01-23,2026-01-26,Outpatient,Dr Grant,H003,K21.9,2026-06-11 11:12:23
E3744,P2744,2026-01-24,2026-01-28,Observation,Dr Hill,H004,J45.909,2026-06-11 11:12:24
E3745,P2745,2026-01-25,2026-01-30,Inpatient,Dr Adams,H005,I10,2026-06-11 11:12:25
E3746,P2746,2026-01-26,2026-02-01,Emergency,Dr Baker,H001,E11.9,2026-06-11 11:12:26
E3747,P2747,2026-01-27,2026-02-03,Outpatient,Dr Clark,H002,J18.9,2026-06-11 11:12:27
E3748,P2748,2026-01-28,2026-02-05,Observation,Dr Davis,H003,N18.9,2026-06-11 11:12:28
E3749,P2749,2026-01-29,2026-02-07,Inpatient,Dr Evans,H004,I50.9,2026-06-11 11:12:29
E3750,P2750,2026-01-30,2026-02-09,Emergency,Dr Foster,H005,M54.5,2026-06-11 11:12:30
E3751,P2751,2026-01-31,2026-02-01,Outpatient,Dr Grant,H001,K21.9,2026-06-11 11:12:31
E3752,P2752,2026-02-01,2026-02-03,Observation,Dr Hill,H002,J45.909,2026-06-11 11:12:32
E3753,P2753,2026-02-02,2026-02-05,Inpatient,Dr Adams,H003,I10,2026-06-11 11:12:33
E3754,P2754,2026-02-03,2026-02-07,Emergency,Dr Baker,H004,E11.9,2026-06-11 11:12:34
E3755,P2755,2026-02-04,2026-02-09,Outpatient,Dr Clark,H005,J18.9,2026-06-11 11:12:35
E3756,P2756,2026-02-05,2026-02-11,Observation,Dr Davis,H001,N18.9,2026-06-11 11:12:36
E3757,P2757,2026-02-06,2026-02-13,Inpatient,Dr Evans,H002,I50.9,2026-06-11 11:12:37
E3758,P2758,2026-02-07,2026-02-15,Emergency,Dr Foster,H003,M54.5,2026-06-11 11:12:38
E3759,P2759,2026-02-08,2026-02-17,Outpatient,Dr Grant,H004,K21.9,2026-06-11 11:12:39
E3760,P2760,2026-02-09,2026-02-19,Observation,Dr Hill,H005,J45.909,2026-06-11 11:12:40
E3761,P2761,2026-02-10,2026-02-11,Inpatient,Dr Adams,H001,I10,2026-06-11 11:12:41
E3762,P2762,2026-02-11,2026-02-13,Emergency,Dr Baker,H002,E11.9,2026-06-11 11:12:42
E3763,P2763,2026-02-12,2026-02-15,Outpatient,Dr Clark,H003,J18.9,2026-06-11 11:12:43
E3764,P2764,2026-02-13,2026-02-17,Observation,Dr Davis,H004,N18.9,2026-06-11 11:12:44
E3765,P2765,2026-02-14,2026-02-19,Inpatient,Dr Evans,H005,I50.9,2026-06-11 11:12:45
E3766,P2766,2026-02-15,2026-02-21,Emergency,Dr Foster,H001,M54.5,2026-06-11 11:12:46
E3767,P2767,2026-02-16,2026-02-23,Outpatient,Dr Grant,H002,K21.9,2026-06-11 11:12:47
E3768,P2768,2026-02-17,2026-02-25,Observation,Dr Hill,H003,J45.909,2026-06-11 11:12:48
E3769,P2769,2026-02-18,2026-02-27,Inpatient,Dr Adams,H004,I10,2026-06-11 11:12:49
E3770,P2770,2026-02-19,2026-03-01,Emergency,Dr Baker,H005,E11.9,2026-06-11 11:12:50
E3771,P2771,2026-02-20,2026-02-21,Outpatient,Dr Clark,H001,J18.9,2026-06-11 11:12:51
E3772,P2772,2026-02-21,2026-02-23,Observation,Dr Davis,H002,N18.9,2026-06-11 11:12:52
E3773,P2773,2026-02-22,2026-02-25,Inpatient,Dr Evans,H003,I50.9,2026-06-11 11:12:53
E3774,P2774,2026-02-23,2026-02-27,Emergency,Dr Foster,H004,M54.5,2026-06-11 11:12:54
E3775,P2775,2026-02-24,2026-03-01,Outpatient,Dr Grant,H005,K21.9,2026-06-11 11:12:55
E3776,P2776,2026-02-25,2026-03-03,Observation,Dr Hill,H001,J45.909,2026-06-11 11:12:56
E3777,P2777,2026-02-26,2026-03-05,Inpatient,Dr Adams,H002,I10,2026-06-11 11:12:57
E3778,P2778,2026-02-27,2026-03-07,Emergency,Dr Baker,H003,E11.9,2026-06-11 11:12:58
E3779,P2779,2026-02-28,2026-03-09,Outpatient,Dr Clark,H004,J18.9,2026-06-11 11:12:59
E3780,P2780,2026-03-01,2026-03-11,Observation,Dr Davis,H005,N18.9,2026-06-11 11:13:00
E3781,P2781,2026-03-02,2026-03-03,Inpatient,Dr Evans,H001,I50.9,2026-06-11 11:13:01
E3782,P2782,2026-03-03,2026-03-05,Emergency,Dr Foster,H002,M54.5,2026-06-11 11:13:02
E3783,P2783,2026-03-04,2026-03-07,Outpatient,Dr Grant,H003,K21.9,2026-06-11 11:13:03
E3784,P2784,2026-03-05,2026-03-09,Observation,Dr Hill,H004,J45.909,2026-06-11 11:13:04
E3785,P2785,2026-03-06,2026-03-11,Inpatient,Dr Adams,H005,I10,2026-06-11 11:13:05
E3786,P2786,2026-03-07,2026-03-13,Emergency,Dr Baker,H001,E11.9,2026-06-11 11:13:06
E3787,P2787,2026-03-08,2026-03-15,Outpatient,Dr Clark,H002,J18.9,2026-06-11 11:13:07
E3788,P2788,2026-03-09,2026-03-17,Observation,Dr Davis,H003,N18.9,2026-06-11 11:13:08
E3789,P2789,2026-03-10,2026-03-19,Inpatient,Dr Evans,H004,I50.9,2026-06-11 11:13:09
E3790,P2790,2026-03-11,2026-03-21,Emergency,Dr Foster,H005,M54.5,2026-06-11 11:13:10
E3791,P2791,2026-03-12,2026-03-13,Outpatient,Dr Grant,H001,K21.9,2026-06-11 11:13:11
E3792,P2792,2026-03-13,2026-03-15,Observation,Dr Hill,H002,J45.909,2026-06-11 11:13:12
E3793,P2793,2026-03-14,2026-03-17,Inpatient,Dr Adams,H003,I10,2026-06-11 11:13:13
E3794,P2794,2026-03-15,2026-03-19,Emergency,Dr Baker,H004,E11.9,2026-06-11 11:13:14
E3795,P2795,2026-03-16,2026-03-21,Outpatient,Dr Clark,H005,J18.9,2026-06-11 11:13:15
E3796,P2796,2026-03-17,2026-03-23,Observation,Dr Davis,H001,N18.9,2026-06-11 11:13:16
E3797,P2797,2026-03-18,2026-03-25,Inpatient,Dr Evans,H002,I50.9,2026-06-11 11:13:17
E3798,P2798,2026-03-19,2026-03-27,Emergency,Dr Foster,H003,M54.5,2026-06-11 11:13:18
E3799,P2799,2026-03-20,2026-03-29,Outpatient,Dr Grant,H004,K21.9,2026-06-11 11:13:19
E3800,P2800,2026-03-21,2026-03-31,Observation,Dr Hill,H005,J45.909,2026-06-11 11:13:20
E3801,P2801,2026-03-22,2026-03-23,Inpatient,Dr Adams,H001,I10,2026-06-11 11:13:21
E3802,P2802,2026-03-23,2026-03-25,Emergency,Dr Baker,H002,E11.9,2026-06-11 11:13:22
E3803,P2803,2026-03-24,2026-03-27,Outpatient,Dr Clark,H003,J18.9,2026-06-11 11:13:23
E3804,P2804,2026-03-25,2026-03-29,Observation,Dr Davis,H004,N18.9,2026-06-11 11:13:24
E3805,P2805,2026-03-26,2026-03-31,Inpatient,Dr Evans,H005,I50.9,2026-06-11 11:13:25
E3806,P2806,2026-03-27,2026-04-02,Emergency,Dr Foster,H001,M54.5,2026-06-11 11:13:26
E3807,P2807,2026-03-28,2026-04-04,Outpatient,Dr Grant,H002,K21.9,2026-06-11 11:13:27
E3808,P2808,2026-03-29,2026-04-06,Observation,Dr Hill,H003,J45.909,2026-06-11 11:13:28
E3809,P2809,2026-03-30,2026-04-08,Inpatient,Dr Adams,H004,I10,2026-06-11 11:13:29
E3810,P2810,2026-03-31,2026-04-10,Emergency,Dr Baker,H005,E11.9,2026-06-11 11:13:30
E3811,P2811,2026-04-01,2026-04-02,Outpatient,Dr Clark,H001,J18.9,2026-06-11 11:13:31
E3812,P2812,2026-04-02,2026-04-04,Observation,Dr Davis,H002,N18.9,2026-06-11 11:13:32
E3813,P2813,2026-04-03,2026-04-06,Inpatient,Dr Evans,H003,I50.9,2026-06-11 11:13:33
E3814,P2814,2026-04-04,2026-04-08,Emergency,Dr Foster,H004,M54.5,2026-06-11 11:13:34
E3815,P2815,2026-04-05,2026-04-10,Outpatient,Dr Grant,H005,K21.9,2026-06-11 11:13:35
E3816,P2816,2026-04-06,2026-04-12,Observation,Dr Hill,H001,J45.909,2026-06-11 11:13:36
E3817,P2817,2026-04-07,2026-04-14,Inpatient,Dr Adams,H002,I10,2026-06-11 11:13:37
E3818,P2818,2026-04-08,2026-04-16,Emergency,Dr Baker,H003,E11.9,2026-06-11 11:13:38
E3819,P2819,2026-04-09,2026-04-18,Outpatient,Dr Clark,H004,J18.9,2026-06-11 11:13:39
E3820,P2820,2026-04-10,2026-04-20,Observation,Dr Davis,H005,N18.9,2026-06-11 11:13:40
E3821,P2821,2026-04-11,2026-04-12,Inpatient,Dr Evans,H001,I50.9,2026-06-11 11:13:41
E3822,P2822,2026-04-12,2026-04-14,Emergency,Dr Foster,H002,M54.5,2026-06-11 11:13:42
E3823,P2823,2026-04-13,2026-04-16,Outpatient,Dr Grant,H003,K21.9,2026-06-11 11:13:43
E3824,P2824,2026-04-14,2026-04-18,Observation,Dr Hill,H004,J45.909,2026-06-11 11:13:44
E3825,P2825,2026-04-15,2026-04-20,Inpatient,Dr Adams,H005,I10,2026-06-11 11:13:45
E3826,P2826,2026-04-16,2026-04-22,Emergency,Dr Baker,H001,E11.9,2026-06-11 11:13:46
E3827,P2827,2026-04-17,2026-04-24,Outpatient,Dr Clark,H002,J18.9,2026-06-11 11:13:47
E3828,P2828,2026-04-18,2026-04-26,Observation,Dr Davis,H003,N18.9,2026-06-11 11:13:48
E3829,P2829,2026-04-19,2026-04-28,Inpatient,Dr Evans,H004,I50.9,2026-06-11 11:13:49
E3830,P2830,2026-04-20,2026-04-30,Emergency,Dr Foster,H005,M54.5,2026-06-11 11:13:50
E3831,P2831,2026-04-21,2026-04-22,Outpatient,Dr Grant,H001,K21.9,2026-06-11 11:13:51
E3832,P2832,2026-04-22,2026-04-24,Observation,Dr Hill,H002,J45.909,2026-06-11 11:13:52
E3833,P2833,2026-04-23,2026-04-26,Inpatient,Dr Adams,H003,I10,2026-06-11 11:13:53
E3834,P2834,2026-04-24,2026-04-28,Emergency,Dr Baker,H004,E11.9,2026-06-11 11:13:54
E3835,P2835,2026-04-25,2026-04-30,Outpatient,Dr Clark,H005,J18.9,2026-06-11 11:13:55
E3836,P2836,2026-04-26,2026-05-02,Observation,Dr Davis,H001,N18.9,2026-06-11 11:13:56
E3837,P2837,2026-04-27,2026-05-04,Inpatient,Dr Evans,H002,I50.9,2026-06-11 11:13:57
E3838,P2838,2026-04-28,2026-05-06,Emergency,Dr Foster,H003,M54.5,2026-06-11 11:13:58
E3839,P2839,2026-04-29,2026-05-08,Outpatient,Dr Grant,H004,K21.9,2026-06-11 11:13:59
E3840,P2840,2026-04-30,2026-05-10,Observation,Dr Hill,H005,J45.909,2026-06-11 11:14:00
E3841,P2841,2026-05-01,2026-05-02,Inpatient,Dr Adams,H001,I10,2026-06-11 11:14:01
E3842,P2842,2026-05-02,2026-05-04,Emergency,Dr Baker,H002,E11.9,2026-06-11 11:14:02
E3843,P2843,2026-05-03,2026-05-06,Outpatient,Dr Clark,H003,J18.9,2026-06-11 11:14:03
E3844,P2844,2026-05-04,2026-05-08,Observation,Dr Davis,H004,N18.9,2026-06-11 11:14:04
E3845,P2845,2026-05-05,2026-05-10,Inpatient,Dr Evans,H005,I50.9,2026-06-11 11:14:05
E3846,P2846,2026-05-06,2026-05-12,Emergency,Dr Foster,H001,M54.5,2026-06-11 11:14:06
E3847,P2847,2026-05-07,2026-05-14,Outpatient,Dr Grant,H002,K21.9,2026-06-11 11:14:07
E3848,P2848,2026-05-08,2026-05-16,Observation,Dr Hill,H003,J45.909,2026-06-11 11:14:08
E3849,P2849,2026-05-09,2026-05-18,Inpatient,Dr Adams,H004,I10,2026-06-11 11:14:09
E3850,P2850,2026-05-10,2026-05-20,Emergency,Dr Baker,H005,E11.9,2026-06-11 11:14:10
E3851,P2851,2026-05-11,2026-05-12,Outpatient,Dr Clark,H001,J18.9,2026-06-11 11:14:11
E3852,P2852,2026-05-12,2026-05-14,Observation,Dr Davis,H002,N18.9,2026-06-11 11:14:12
E3853,P2853,2026-05-13,2026-05-16,Inpatient,Dr Evans,H003,I50.9,2026-06-11 11:14:13
E3854,P2854,2026-05-14,2026-05-18,Emergency,Dr Foster,H004,M54.5,2026-06-11 11:14:14
E3855,P2855,2026-05-15,2026-05-20,Outpatient,Dr Grant,H005,K21.9,2026-06-11 11:14:15
E3856,P2856,2026-05-16,2026-05-22,Observation,Dr Hill,H001,J45.909,2026-06-11 11:14:16
E3857,P2857,2026-05-17,2026-05-24,Inpatient,Dr Adams,H002,I10,2026-06-11 11:14:17
E3858,P2858,2026-05-18,2026-05-26,Emergency,Dr Baker,H003,E11.9,2026-06-11 11:14:18
E3859,P2859,2026-05-19,2026-05-28,Outpatient,Dr Clark,H004,J18.9,2026-06-11 11:14:19
E3860,P2860,2026-05-20,2026-05-30,Observation,Dr Davis,H005,N18.9,2026-06-11 11:14:20
E3861,P2861,2026-05-21,2026-05-22,Inpatient,Dr Evans,H001,I50.9,2026-06-11 11:14:21
E3862,P2862,2026-05-22,2026-05-24,Emergency,Dr Foster,H002,M54.5,2026-06-11 11:14:22
E3863,P2863,2026-05-23,2026-05-26,Outpatient,Dr Grant,H003,K21.9,2026-06-11 11:14:23
E3864,P2864,2026-05-24,2026-05-28,Observation,Dr Hill,H004,J45.909,2026-06-11 11:14:24
E3865,P2865,2026-05-25,2026-05-30,Inpatient,Dr Adams,H005,I10,2026-06-11 11:14:25
E3866,P2866,2026-05-26,2026-06-01,Emergency,Dr Baker,H001,E11.9,2026-06-11 11:14:26
E3867,P2867,2026-05-27,2026-06-03,Outpatient,Dr Clark,H002,J18.9,2026-06-11 11:14:27
E3868,P2868,2026-05-28,2026-06-05,Observation,Dr Davis,H003,N18.9,2026-06-11 11:14:28
E3869,P2869,2026-05-29,2026-06-07,Inpatient,Dr Evans,H004,I50.9,2026-06-11 11:14:29
E3870,P2870,2026-05-30,2026-06-09,Emergency,Dr Foster,H005,M54.5,2026-06-11 11:14:30
E3871,P2871,2026-05-31,2026-06-01,Outpatient,Dr Grant,H001,K21.9,2026-06-11 11:14:31
E3872,P2872,2026-06-01,2026-06-03,Observation,Dr Hill,H002,J45.909,2026-06-11 11:14:32
E3873,P2873,2026-06-02,2026-06-05,Inpatient,Dr Adams,H003,I10,2026-06-11 11:14:33
E3874,P2874,2026-06-03,2026-06-07,Emergency,Dr Baker,H004,E11.9,2026-06-11 11:14:34
E3875,P2875,2026-06-04,2026-06-09,Outpatient,Dr Clark,H005,J18.9,2026-06-11 11:14:35
E3876,P2876,2026-06-05,2026-06-11,Observation,Dr Davis,H001,N18.9,2026-06-11 11:14:36
E3877,P2877,2026-06-06,2026-06-13,Inpatient,Dr Evans,H002,I50.9,2026-06-11 11:14:37
E3878,P2878,2026-06-07,2026-06-15,Emergency,Dr Foster,H003,M54.5,2026-06-11 11:14:38
E3879,P2879,2026-06-08,2026-06-17,Outpatient,Dr Grant,H004,K21.9,2026-06-11 11:14:39
E3880,P2880,2026-06-09,2026-06-19,Observation,Dr Hill,H005,J45.909,2026-06-11 11:14:40
E3881,P2881,2026-06-10,2026-06-11,Inpatient,Dr Adams,H001,I10,2026-06-11 11:14:41
E3882,P2882,2026-06-11,2026-06-13,Emergency,Dr Baker,H002,E11.9,2026-06-11 11:14:42
E3883,P2883,2026-06-12,2026-06-15,Outpatient,Dr Clark,H003,J18.9,2026-06-11 11:14:43
E3884,P2884,2026-06-13,2026-06-17,Observation,Dr Davis,H004,N18.9,2026-06-11 11:14:44
E3885,P2885,2026-06-14,2026-06-19,Inpatient,Dr Evans,H005,I50.9,2026-06-11 11:14:45
E3886,P2886,2026-06-15,2026-06-21,Emergency,Dr Foster,H001,M54.5,2026-06-11 11:14:46
E3887,P2887,2026-06-16,2026-06-23,Outpatient,Dr Grant,H002,K21.9,2026-06-11 11:14:47
E3888,P2888,2026-06-17,2026-06-25,Observation,Dr Hill,H003,J45.909,2026-06-11 11:14:48
E3889,P2889,2026-06-18,2026-06-27,Inpatient,Dr Adams,H004,I10,2026-06-11 11:14:49
E3890,P2890,2026-06-19,2026-06-29,Emergency,Dr Baker,H005,E11.9,2026-06-11 11:14:50
E3891,P2891,2026-06-20,2026-06-21,Outpatient,Dr Clark,H001,J18.9,2026-06-11 11:14:51
E3892,P2892,2026-06-21,2026-06-23,Observation,Dr Davis,H002,N18.9,2026-06-11 11:14:52
E3893,P2893,2026-06-22,2026-06-25,Inpatient,Dr Evans,H003,I50.9,2026-06-11 11:14:53
E3894,P2894,2026-06-23,2026-06-27,Emergency,Dr Foster,H004,M54.5,2026-06-11 11:14:54
E3895,P2895,2026-06-24,2026-06-29,Outpatient,Dr Grant,H005,K21.9,2026-06-11 11:14:55
E3896,P2896,2026-06-25,2026-07-01,Observation,Dr Hill,H001,J45.909,2026-06-11 11:14:56
E3897,P2897,2026-06-26,2026-07-03,Inpatient,Dr Adams,H002,I10,2026-06-11 11:14:57
E3898,P2898,2026-06-27,2026-07-05,Emergency,Dr Baker,H003,E11.9,2026-06-11 11:14:58
E3899,P2899,2026-06-28,2026-07-07,Outpatient,Dr Clark,H004,J18.9,2026-06-11 11:14:59
E3900,P2900,2026-06-29,2026-07-09,Observation,Dr Davis,H005,N18.9,2026-06-11 11:15:00
E3901,P2901,2026-01-01,2026-01-02,Inpatient,Dr Evans,H001,I50.9,2026-06-11 11:15:01
E3902,P2902,2026-01-02,2026-01-04,Emergency,Dr Foster,H002,M54.5,2026-06-11 11:15:02
E3903,P2903,2026-01-03,2026-01-06,Outpatient,Dr Grant,H003,K21.9,2026-06-11 11:15:03
E3904,P2904,2026-01-04,2026-01-08,Observation,Dr Hill,H004,J45.909,2026-06-11 11:15:04
E3905,P2905,2026-01-05,2026-01-10,Inpatient,Dr Adams,H005,I10,2026-06-11 11:15:05
E3906,P2906,2026-01-06,2026-01-12,Emergency,Dr Baker,H001,E11.9,2026-06-11 11:15:06
E3907,P2907,2026-01-07,2026-01-14,Outpatient,Dr Clark,H002,J18.9,2026-06-11 11:15:07
E3908,P2908,2026-01-08,2026-01-16,Observation,Dr Davis,H003,N18.9,2026-06-11 11:15:08
E3909,P2909,2026-01-09,2026-01-18,Inpatient,Dr Evans,H004,I50.9,2026-06-11 11:15:09
E3910,P2910,2026-01-10,2026-01-20,Emergency,Dr Foster,H005,M54.5,2026-06-11 11:15:10
E3911,P2911,2026-01-11,2026-01-12,Outpatient,Dr Grant,H001,K21.9,2026-06-11 11:15:11
E3912,P2912,2026-01-12,2026-01-14,Observation,Dr Hill,H002,J45.909,2026-06-11 11:15:12
E3913,P2913,2026-01-13,2026-01-16,Inpatient,Dr Adams,H003,I10,2026-06-11 11:15:13
E3914,P2914,2026-01-14,2026-01-18,Emergency,Dr Baker,H004,E11.9,2026-06-11 11:15:14
E3915,P2915,2026-01-15,2026-01-20,Outpatient,Dr Clark,H005,J18.9,2026-06-11 11:15:15
E3916,P2916,2026-01-16,2026-01-22,Observation,Dr Davis,H001,N18.9,2026-06-11 11:15:16
E3917,P2917,2026-01-17,2026-01-24,Inpatient,Dr Evans,H002,I50.9,2026-06-11 11:15:17
E3918,P2918,2026-01-18,2026-01-26,Emergency,Dr Foster,H003,M54.5,2026-06-11 11:15:18
E3919,P2919,2026-01-19,2026-01-28,Outpatient,Dr Grant,H004,K21.9,2026-06-11 11:15:19
E3920,P2920,2026-01-20,2026-01-30,Observation,Dr Hill,H005,J45.909,2026-06-11 11:15:20
E3921,P2921,2026-01-21,2026-01-22,Inpatient,Dr Adams,H001,I10,2026-06-11 11:15:21
E3922,P2922,2026-01-22,2026-01-24,Emergency,Dr Baker,H002,E11.9,2026-06-11 11:15:22
E3923,P2923,2026-01-23,2026-01-26,Outpatient,Dr Clark,H003,J18.9,2026-06-11 11:15:23
E3924,P2924,2026-01-24,2026-01-28,Observation,Dr Davis,H004,N18.9,2026-06-11 11:15:24
E3925,P2925,2026-01-25,2026-01-30,Inpatient,Dr Evans,H005,I50.9,2026-06-11 11:15:25
E3926,P2926,2026-01-26,2026-02-01,Emergency,Dr Foster,H001,M54.5,2026-06-11 11:15:26
E3927,P2927,2026-01-27,2026-02-03,Outpatient,Dr Grant,H002,K21.9,2026-06-11 11:15:27
E3928,P2928,2026-01-28,2026-02-05,Observation,Dr Hill,H003,J45.909,2026-06-11 11:15:28
E3929,P2929,2026-01-29,2026-02-07,Inpatient,Dr Adams,H004,I10,2026-06-11 11:15:29
E3930,P2930,2026-01-30,2026-02-09,Emergency,Dr Baker,H005,E11.9,2026-06-11 11:15:30
E3931,P2931,2026-01-31,2026-02-01,Outpatient,Dr Clark,H001,J18.9,2026-06-11 11:15:31
E3932,P2932,2026-02-01,2026-02-03,Observation,Dr Davis,H002,N18.9,2026-06-11 11:15:32
E3933,P2933,2026-02-02,2026-02-05,Inpatient,Dr Evans,H003,I50.9,2026-06-11 11:15:33
E3934,P2934,2026-02-03,2026-02-07,Emergency,Dr Foster,H004,M54.5,2026-06-11 11:15:34
E3935,P2935,2026-02-04,2026-02-09,Outpatient,Dr Grant,H005,K21.9,2026-06-11 11:15:35
E3936,P2936,2026-02-05,2026-02-11,Observation,Dr Hill,H001,J45.909,2026-06-11 11:15:36
E3937,P2937,2026-02-06,2026-02-13,Inpatient,Dr Adams,H002,I10,2026-06-11 11:15:37
E3938,P2938,2026-02-07,2026-02-15,Emergency,Dr Baker,H003,E11.9,2026-06-11 11:15:38
E3939,P2939,2026-02-08,2026-02-17,Outpatient,Dr Clark,H004,J18.9,2026-06-11 11:15:39
E3940,P2940,2026-02-09,2026-02-19,Observation,Dr Davis,H005,N18.9,2026-06-11 11:15:40
E3941,P2941,2026-02-10,2026-02-11,Inpatient,Dr Evans,H001,I50.9,2026-06-11 11:15:41
E3942,P2942,2026-02-11,2026-02-13,Emergency,Dr Foster,H002,M54.5,2026-06-11 11:15:42
E3943,P2943,2026-02-12,2026-02-15,Outpatient,Dr Grant,H003,K21.9,2026-06-11 11:15:43
E3944,P2944,2026-02-13,2026-02-17,Observation,Dr Hill,H004,J45.909,2026-06-11 11:15:44
E3945,P2945,2026-02-14,2026-02-19,Inpatient,Dr Adams,H005,I10,2026-06-11 11:15:45
E3946,P2946,2026-02-15,2026-02-21,Emergency,Dr Baker,H001,E11.9,2026-06-11 11:15:46
E3947,P2947,2026-02-16,2026-02-23,Outpatient,Dr Clark,H002,J18.9,2026-06-11 11:15:47
E3948,P2948,2026-02-17,2026-02-25,Observation,Dr Davis,H003,N18.9,2026-06-11 11:15:48
E3949,P2949,2026-02-18,2026-02-27,Inpatient,Dr Evans,H004,I50.9,2026-06-11 11:15:49
E3950,P2950,2026-02-19,2026-03-01,Emergency,Dr Foster,H005,M54.5,2026-06-11 11:15:50
E3951,P2951,2026-02-20,2026-02-21,Outpatient,Dr Grant,H001,K21.9,2026-06-11 11:15:51
E3952,P2952,2026-02-21,2026-02-23,Observation,Dr Hill,H002,J45.909,2026-06-11 11:15:52
E3953,P2953,2026-02-22,2026-02-25,Inpatient,Dr Adams,H003,I10,2026-06-11 11:15:53
E3954,P2954,2026-02-23,2026-02-27,Emergency,Dr Baker,H004,E11.9,2026-06-11 11:15:54
E3955,P2955,2026-02-24,2026-03-01,Outpatient,Dr Clark,H005,J18.9,2026-06-11 11:15:55
E3956,P2956,2026-02-25,2026-03-03,Observation,Dr Davis,H001,N18.9,2026-06-11 11:15:56
E3957,P2957,2026-02-26,2026-03-05,Inpatient,Dr Evans,H002,I50.9,2026-06-11 11:15:57
E3958,P2958,2026-02-27,2026-03-07,Emergency,Dr Foster,H003,M54.5,2026-06-11 11:15:58
E3959,P2959,2026-02-28,2026-03-09,Outpatient,Dr Grant,H004,K21.9,2026-06-11 11:15:59
E3960,P2960,2026-03-01,2026-03-11,Observation,Dr Hill,H005,J45.909,2026-06-11 11:16:00
E3961,P2961,2026-03-02,2026-03-03,Inpatient,Dr Adams,H001,I10,2026-06-11 11:16:01
E3962,P2962,2026-03-03,2026-03-05,Emergency,Dr Baker,H002,E11.9,2026-06-11 11:16:02
E3963,P2963,2026-03-04,2026-03-07,Outpatient,Dr Clark,H003,J18.9,2026-06-11 11:16:03
E3964,P2964,2026-03-05,2026-03-09,Observation,Dr Davis,H004,N18.9,2026-06-11 11:16:04
E3965,P2965,2026-03-06,2026-03-11,Inpatient,Dr Evans,H005,I50.9,2026-06-11 11:16:05
E3966,P2966,2026-03-07,2026-03-13,Emergency,Dr Foster,H001,M54.5,2026-06-11 11:16:06
E3967,P2967,2026-03-08,2026-03-15,Outpatient,Dr Grant,H002,K21.9,2026-06-11 11:16:07
E3968,P2968,2026-03-09,2026-03-17,Observation,Dr Hill,H003,J45.909,2026-06-11 11:16:08
E3969,P2969,2026-03-10,2026-03-19,Inpatient,Dr Adams,H004,I10,2026-06-11 11:16:09
E3970,P2970,2026-03-11,2026-03-21,Emergency,Dr Baker,H005,E11.9,2026-06-11 11:16:10
E3971,P2971,2026-03-12,2026-03-13,Outpatient,Dr Clark,H001,J18.9,2026-06-11 11:16:11
E3972,P2972,2026-03-13,2026-03-15,Observation,Dr Davis,H002,N18.9,2026-06-11 11:16:12
E3973,P2973,2026-03-14,2026-03-17,Inpatient,Dr Evans,H003,I50.9,2026-06-11 11:16:13
E3974,P2974,2026-03-15,2026-03-19,Emergency,Dr Foster,H004,M54.5,2026-06-11 11:16:14
E3975,P2975,2026-03-16,2026-03-21,Outpatient,Dr Grant,H005,K21.9,2026-06-11 11:16:15
E3976,P2976,2026-03-17,2026-03-23,Observation,Dr Hill,H001,J45.909,2026-06-11 11:16:16
E3977,P2977,2026-03-18,2026-03-25,Inpatient,Dr Adams,H002,I10,2026-06-11 11:16:17
E3978,P2978,2026-03-19,2026-03-27,Emergency,Dr Baker,H003,E11.9,2026-06-11 11:16:18
E3979,P2979,2026-03-20,2026-03-29,Outpatient,Dr Clark,H004,J18.9,2026-06-11 11:16:19
E3980,P2980,2026-03-21,2026-03-31,Observation,Dr Davis,H005,N18.9,2026-06-11 11:16:20
E3981,P2981,2026-03-22,2026-03-23,Inpatient,Dr Evans,H001,I50.9,2026-06-11 11:16:21
E3982,P2982,2026-03-23,2026-03-25,Emergency,Dr Foster,H002,M54.5,2026-06-11 11:16:22
E3983,P2983,2026-03-24,2026-03-27,Outpatient,Dr Grant,H003,K21.9,2026-06-11 11:16:23
E3984,P2984,2026-03-25,2026-03-29,Observation,Dr Hill,H004,J45.909,2026-06-11 11:16:24
E3985,P2985,2026-03-26,2026-03-31,Inpatient,Dr Adams,H005,I10,2026-06-11 11:16:25
E3986,P2986,2026-03-27,2026-04-02,Emergency,Dr Baker,H001,E11.9,2026-06-11 11:16:26
E3987,P2987,2026-03-28,2026-04-04,Outpatient,Dr Clark,H002,J18.9,2026-06-11 11:16:27
E3988,P2988,2026-03-29,2026-04-06,Observation,Dr Davis,H003,N18.9,2026-06-11 11:16:28
E3989,P2989,2026-03-30,2026-04-08,Inpatient,Dr Evans,H004,I50.9,2026-06-11 11:16:29
E3990,P2990,2026-03-31,2026-04-10,Emergency,Dr Foster,H005,M54.5,2026-06-11 11:16:30
E3991,P2991,2026-04-01,2026-04-02,Outpatient,Dr Grant,H001,K21.9,2026-06-11 11:16:31
E3992,P2992,2026-04-02,2026-04-04,Observation,Dr Hill,H002,J45.909,2026-06-11 11:16:32
E3993,P2993,2026-04-03,2026-04-06,Inpatient,Dr Adams,H003,I10,2026-06-11 11:16:33
E3994,P2994,2026-04-04,2026-04-08,Emergency,Dr Baker,H004,E11.9,2026-06-11 11:16:34
E3995,P2995,2026-04-05,2026-04-10,Outpatient,Dr Clark,H005,J18.9,2026-06-11 11:16:35
E3996,P2996,2026-04-06,2026-04-12,Observation,Dr Davis,H001,N18.9,2026-06-11 11:16:36
E3997,P2997,2026-04-07,2026-04-14,Inpatient,Dr Evans,H002,I50.9,2026-06-11 11:16:37
E3998,P2998,2026-04-08,2026-04-16,Emergency,Dr Foster,H003,M54.5,2026-06-11 11:16:38
E3999,P2999,2026-04-09,2026-04-18,Outpatient,Dr Grant,H004,K21.9,2026-06-11 11:16:39
E4000,P3000,2026-04-10,2026-04-20,Observation,Dr Hill,H005,J45.909,2026-06-11 11:16:40
